"ï»¿station","station_name","","date","tobs","tmax","tmin"
USC00231189,CALIFORNIA, MO US,09/03/2012,38,42,33
USC00231189,CALIFORNIA, MO US,10/03/2012,49,57,33
USC00231189,CALIFORNIA, MO US,11/03/2012,44,64,43
USC00231189,CALIFORNIA, MO US,12/03/2012,51,55,43
USC00231189,CALIFORNIA, MO US,13/03/2012,49,76,44
USC00231189,CALIFORNIA, MO US,14/03/2012,58,81,49
USC00231189,CALIFORNIA, MO US,15/03/2012,61,82,58
USC00231189,CALIFORNIA, MO US,16/03/2012,61,76,58
USC00231189,CALIFORNIA, MO US,17/03/2012,63,81,60
USC00231189,CALIFORNIA, MO US,18/03/2012,61,70,57
USC00231189,CALIFORNIA, MO US,19/03/2012,67,76,62
USC00231189,CALIFORNIA, MO US,20/03/2012,57,79,55
USC00231189,CALIFORNIA, MO US,21/03/2012,59,76,56
USC00231189,CALIFORNIA, MO US,22/03/2012,49,67,48
USC00231189,CALIFORNIA, MO US,23/03/2012,50,67,48
USC00231189,CALIFORNIA, MO US,26/03/2012,58,76,50
USC00231189,CALIFORNIA, MO US,27/03/2012,62,78,58
USC00231189,CALIFORNIA, MO US,28/03/2012,64,80,62
USC00231189,CALIFORNIA, MO US,29/03/2012,58,80,57
USC00231189,CALIFORNIA, MO US,30/03/2012,64,76,58
USC00231189,CALIFORNIA, MO US,31/03/2012,62,76,52
USC00231189,CALIFORNIA, MO US,01/04/2012,66,80,53
USC00231189,CALIFORNIA, MO US,02/04/2012,69,86,65
USC00231189,CALIFORNIA, MO US,03/04/2012,64,87,58
USC00231189,CALIFORNIA, MO US,04/04/2012,56,74,54
USC00231189,CALIFORNIA, MO US,05/04/2012,46,72,46
USC00231189,CALIFORNIA, MO US,06/04/2012,40,51,37
USC00231189,CALIFORNIA, MO US,07/04/2012,51,61,40
USC00231189,CALIFORNIA, MO US,08/04/2012,42,57,38
USC00231189,CALIFORNIA, MO US,09/04/2012,49,66,42
USC00231189,CALIFORNIA, MO US,10/04/2012,45,69,42
USC00231189,CALIFORNIA, MO US,11/04/2012,38,60,36
USC00231189,CALIFORNIA, MO US,12/04/2012,40,57,35
USC00231189,CALIFORNIA, MO US,13/04/2012,47,64,40
USC00231189,CALIFORNIA, MO US,14/04/2012,59,61,46
USC00231189,CALIFORNIA, MO US,15/04/2012,66,76,58
USC00231189,CALIFORNIA, MO US,16/04/2012,49,76,49
USC00231189,CALIFORNIA, MO US,17/04/2012,50,65,43
USC00231189,CALIFORNIA, MO US,18/04/2012,52,69,46
USC00231189,CALIFORNIA, MO US,19/04/2012,55,74,51
USC00231189,CALIFORNIA, MO US,20/04/2012,45,73,42
USC00231189,CALIFORNIA, MO US,21/04/2012,47,50,35
USC00231189,CALIFORNIA, MO US,22/04/2012,48,60,42
USC00231189,CALIFORNIA, MO US,23/04/2012,44,57,38
USC00231189,CALIFORNIA, MO US,24/04/2012,49,62,40
USC00231189,CALIFORNIA, MO US,25/04/2012,62,77,49
USC00231189,CALIFORNIA, MO US,26/04/2012,65,84,58
USC00231189,CALIFORNIA, MO US,27/04/2012,52,79,51
USC00231189,CALIFORNIA, MO US,28/04/2012,67,79,50
USC00231189,CALIFORNIA, MO US,29/04/2012,62,72,50
USC00231189,CALIFORNIA, MO US,30/04/2012,59,73,59
USC00231189,CALIFORNIA, MO US,01/05/2012,63,68,58
USC00231189,CALIFORNIA, MO US,02/05/2012,71,80,63
USC00231189,CALIFORNIA, MO US,03/05/2012,68,84,65
USC00231189,CALIFORNIA, MO US,04/05/2012,70,82,67
USC00231189,CALIFORNIA, MO US,05/05/2012,74,83,66
USC00231189,CALIFORNIA, MO US,06/05/2012,75,86,64.5
USC00231189,CALIFORNIA, MO US,07/05/2012,64,87,63
USC00231189,CALIFORNIA, MO US,08/05/2012,60,69,54
USC00231189,CALIFORNIA, MO US,09/05/2012,51,71,48
USC00231189,CALIFORNIA, MO US,10/05/2012,58,72,46
USC00231189,CALIFORNIA, MO US,11/05/2012,59,73,51
USC00231189,CALIFORNIA, MO US,12/05/2012,65,74,57
USC00231189,CALIFORNIA, MO US,13/05/2012,56,75,53
USC00231189,CALIFORNIA, MO US,14/05/2012,59,74,51
USC00231189,CALIFORNIA, MO US,15/05/2012,62,76,49
USC00231189,CALIFORNIA, MO US,16/05/2012,61,79,56
USC00231189,CALIFORNIA, MO US,17/05/2012,58,77,52
USC00231189,CALIFORNIA, MO US,18/05/2012,62,79,55
USC00231189,CALIFORNIA, MO US,19/05/2012,71,84,62
USC00231189,CALIFORNIA, MO US,20/05/2012,71,84,68
USC00231189,CALIFORNIA, MO US,21/05/2012,56,81,53
USC00231189,CALIFORNIA, MO US,22/05/2012,59,71,47
USC00231189,CALIFORNIA, MO US,23/05/2012,63,77,54
USC00231189,CALIFORNIA, MO US,24/05/2012,70,85,63
USC00231189,CALIFORNIA, MO US,25/05/2012,71,86,67
USC00231189,CALIFORNIA, MO US,29/05/2012,71,90,65
USC00231189,CALIFORNIA, MO US,30/05/2012,62,87,57
USC00231189,CALIFORNIA, MO US,31/05/2012,65,81,61
USC00231189,CALIFORNIA, MO US,01/06/2012,51,68,48
USC00231189,CALIFORNIA, MO US,02/06/2012,55,68,48
USC00231189,CALIFORNIA, MO US,03/06/2012,68,79,55
USC00231189,CALIFORNIA, MO US,04/06/2012,71,83,60
USC00231189,CALIFORNIA, MO US,05/06/2012,67,92,60
USC00231189,CALIFORNIA, MO US,06/06/2012,68,83,62
USC00231189,CALIFORNIA, MO US,07/06/2012,65,82,57
USC00231189,CALIFORNIA, MO US,08/06/2012,82,84,55
USC00231189,CALIFORNIA, MO US,09/06/2012,79,89,68
USC00231189,CALIFORNIA, MO US,10/06/2012,65,88,65
USC00231189,CALIFORNIA, MO US,11/06/2012,67,78,60
USC00231189,CALIFORNIA, MO US,12/06/2012,64,80,54
USC00231189,CALIFORNIA, MO US,13/06/2012,66,83,57
USC00231189,CALIFORNIA, MO US,15/06/2012,71,88,65
USC00231189,CALIFORNIA, MO US,16/06/2012,76,90,69
USC00231189,CALIFORNIA, MO US,17/06/2012,72,92,67
USC00231189,CALIFORNIA, MO US,18/06/2012,77,88,69
USC00231189,CALIFORNIA, MO US,19/06/2012,76,90,72
USC00231189,CALIFORNIA, MO US,20/06/2012,76,89,72
USC00231189,CALIFORNIA, MO US,21/06/2012,68,90,68
USC00231189,CALIFORNIA, MO US,22/06/2012,71,83,62
USC00231189,CALIFORNIA, MO US,23/06/2012,75,85,63
USC00231189,CALIFORNIA, MO US,24/06/2012,88,88,68
USC00231189,CALIFORNIA, MO US,25/06/2012,80,97,72
USC00231189,CALIFORNIA, MO US,26/06/2012,65,93,62
USC00231189,CALIFORNIA, MO US,27/06/2012,74,93,65
USC00231189,CALIFORNIA, MO US,28/06/2012,82,101,71
USC00231189,CALIFORNIA, MO US,29/06/2012,81,104,71
USC00231189,CALIFORNIA, MO US,30/06/2012,87,101,70
USC00231189,CALIFORNIA, MO US,01/07/2012,93,100,70
USC00231189,CALIFORNIA, MO US,02/07/2012,83,100,74
USC00231189,CALIFORNIA, MO US,03/07/2012,80,97,71
USC00231189,CALIFORNIA, MO US,05/07/2012,83,101,72
USC00231189,CALIFORNIA, MO US,06/07/2012,86,102,77
USC00231189,CALIFORNIA, MO US,09/07/2012,72,95,70
USC00231189,CALIFORNIA, MO US,10/07/2012,75,89,66
USC00231189,CALIFORNIA, MO US,12/07/2012,76,91,68
USC00231189,CALIFORNIA, MO US,16/07/2012,78,93,72
USC00231189,CALIFORNIA, MO US,17/07/2012,81,96,73
USC00231189,CALIFORNIA, MO US,19/07/2012,78,101,74
USC00231189,CALIFORNIA, MO US,20/07/2012,73,100,69
USC00231189,CALIFORNIA, MO US,23/07/2012,81,99,73
USC00231189,CALIFORNIA, MO US,24/07/2012,85,101,78
USC00231189,CALIFORNIA, MO US,25/07/2012,84,101,79
USC00231189,CALIFORNIA, MO US,26/07/2012,71,103,71
USC00231189,CALIFORNIA, MO US,27/07/2012,78,91,70
USC00231189,CALIFORNIA, MO US,30/07/2012,76,99,74
USC00231189,CALIFORNIA, MO US,31/07/2012,77,93,69
USC00231189,CALIFORNIA, MO US,01/08/2012,80,102,77
USC00231189,CALIFORNIA, MO US,02/08/2012,79,100,74
USC00231189,CALIFORNIA, MO US,03/08/2012,77,95,71
USC00231189,CALIFORNIA, MO US,06/08/2012,72,90,65
USC00231189,CALIFORNIA, MO US,07/08/2012,74,95,65
USC00231189,CALIFORNIA, MO US,08/08/2012,77,100,71
USC00231189,CALIFORNIA, MO US,09/08/2012,72,101,64
USC00231189,CALIFORNIA, MO US,10/08/2012,62,91,61
USC00231189,CALIFORNIA, MO US,13/08/2012,65,85,65
USC00231189,CALIFORNIA, MO US,14/08/2012,62,73,59
USC00231189,CALIFORNIA, MO US,16/08/2012,79,93,63
USC00231189,CALIFORNIA, MO US,17/08/2012,61,92,57
USC00231189,CALIFORNIA, MO US,20/08/2012,64,83,55
USC00231189,CALIFORNIA, MO US,21/08/2012,64,85,58
USC00231189,CALIFORNIA, MO US,23/08/2012,71,96,63
USC00231189,CALIFORNIA, MO US,24/08/2012,71,95,68
USC00231189,CALIFORNIA, MO US,27/08/2012,69,83,67
USC00231189,CALIFORNIA, MO US,28/08/2012,70,93,65
USC00231189,CALIFORNIA, MO US,29/08/2012,72,94,66
USC00231189,CALIFORNIA, MO US,30/08/2012,72,94,66
USC00231189,CALIFORNIA, MO US,31/08/2012,73,97,72
USC00231189,CALIFORNIA, MO US,01/09/2012,70,74,69
USC00231189,CALIFORNIA, MO US,02/09/2012,70,76,67
USC00231189,CALIFORNIA, MO US,03/09/2012,72,82,68
USC00231189,CALIFORNIA, MO US,04/09/2012,69,93,69
USC00231189,CALIFORNIA, MO US,05/09/2012,73,94,69
USC00231189,CALIFORNIA, MO US,06/09/2012,73,91,69
USC00231189,CALIFORNIA, MO US,07/09/2012,74,91,68
USC00231189,CALIFORNIA, MO US,08/09/2012,54,93,54
USC00231189,CALIFORNIA, MO US,09/09/2012,58,74,45
USC00231189,CALIFORNIA, MO US,10/09/2012,56,74,51
USC00231189,CALIFORNIA, MO US,11/09/2012,61,79,56
USC00231189,CALIFORNIA, MO US,12/09/2012,65,86,61
USC00231189,CALIFORNIA, MO US,13/09/2012,65,85,63
USC00231189,CALIFORNIA, MO US,14/09/2012,52,69,50
USC00231189,CALIFORNIA, MO US,15/09/2012,59,66,52
USC00231189,CALIFORNIA, MO US,16/09/2012,60,64,58
USC00231189,CALIFORNIA, MO US,17/09/2012,64,73,60
USC00231189,CALIFORNIA, MO US,18/09/2012,50,76,48
USC00231189,CALIFORNIA, MO US,19/09/2012,51,66,44
USC00231189,CALIFORNIA, MO US,20/09/2012,61,77,51
USC00231189,CALIFORNIA, MO US,21/09/2012,56,75,53
USC00231189,CALIFORNIA, MO US,22/09/2012,52,81,51
USC00231189,CALIFORNIA, MO US,23/09/2012,46,66,38
USC00231189,CALIFORNIA, MO US,24/09/2012,49,67,44
USC00231189,CALIFORNIA, MO US,25/09/2012,65,73,49
USC00231189,CALIFORNIA, MO US,26/09/2012,62,82,61
USC00231189,CALIFORNIA, MO US,27/09/2012,62,74,60
USC00231189,CALIFORNIA, MO US,28/09/2012,59,73,58
USC00231189,CALIFORNIA, MO US,29/09/2012,51,69,46
USC00231189,CALIFORNIA, MO US,30/09/2012,54,74,51
USC00231189,CALIFORNIA, MO US,01/10/2012,54,75,53
USC00231189,CALIFORNIA, MO US,03/10/2012,55,73,49
USC00231189,CALIFORNIA, MO US,04/10/2012,60,73,54
USC00231189,CALIFORNIA, MO US,05/10/2012,45,74,44
USC00231189,CALIFORNIA, MO US,11/10/2012,42,59,37
USC00231189,CALIFORNIA, MO US,12/10/2012,49,60,42
USC00231189,CALIFORNIA, MO US,13/10/2012,62,62,48
USC00231189,CALIFORNIA, MO US,14/10/2012,62,71,46.5
USC00231189,CALIFORNIA, MO US,15/10/2012,47,67,45
USC00231189,CALIFORNIA, MO US,17/10/2012,57,79,56
USC00231189,CALIFORNIA, MO US,18/10/2012,46,62,45
USC00231189,CALIFORNIA, MO US,19/10/2012,45,58,45
USC00231189,CALIFORNIA, MO US,22/10/2012,67,77,54
USC00231189,CALIFORNIA, MO US,23/10/2012,62,80,62
USC00231189,CALIFORNIA, MO US,24/10/2012,64,78,62
USC00231189,CALIFORNIA, MO US,25/10/2012,65,81,64
USC00231189,CALIFORNIA, MO US,26/10/2012,37,74,36
USC00231189,CALIFORNIA, MO US,27/10/2012,28,46,28
USC00231189,CALIFORNIA, MO US,29/10/2012,34,49,29
USC00231189,CALIFORNIA, MO US,30/10/2012,31,49,30
USC00231189,CALIFORNIA, MO US,31/10/2012,37,55,31
USC00231189,CALIFORNIA, MO US,01/11/2012,38,56,35
USC00231189,CALIFORNIA, MO US,02/11/2012,40,69,38
USC00231189,CALIFORNIA, MO US,03/11/2012,48,58,40
USC00231189,CALIFORNIA, MO US,04/11/2012,50,53,30
USC00231189,CALIFORNIA, MO US,05/11/2012,43,54,41
USC00231189,CALIFORNIA, MO US,06/11/2012,42,46,40
USC00231189,CALIFORNIA, MO US,07/11/2012,41,52,38
USC00231189,CALIFORNIA, MO US,08/11/2012,35,50,31
USC00231189,CALIFORNIA, MO US,09/11/2012,50,62,35
USC00231189,CALIFORNIA, MO US,10/11/2012,63,73,50
USC00231189,CALIFORNIA, MO US,11/11/2012,64,74,61
USC00231189,CALIFORNIA, MO US,12/11/2012,27,66,24
USC00231189,CALIFORNIA, MO US,13/11/2012,31,44,20
USC00231189,CALIFORNIA, MO US,14/11/2012,38,53,31
USC00231189,CALIFORNIA, MO US,15/11/2012,35,54,31
USC00231189,CALIFORNIA, MO US,16/11/2012,40,56,33
USC00231189,CALIFORNIA, MO US,17/11/2012,39,60,34
USC00231189,CALIFORNIA, MO US,18/11/2012,40,59,34
USC00231189,CALIFORNIA, MO US,19/11/2012,46,63,40
USC00231189,CALIFORNIA, MO US,20/11/2012,46,60,42
USC00231189,CALIFORNIA, MO US,21/11/2012,38,60,34
USC00231189,CALIFORNIA, MO US,22/11/2012,54,66,37
USC00231189,CALIFORNIA, MO US,23/11/2012,37,70,37
USC00231189,CALIFORNIA, MO US,24/11/2012,24,39,20
USC00231189,CALIFORNIA, MO US,25/11/2012,49,49,24
USC00231189,CALIFORNIA, MO US,26/11/2012,33,57,31
USC00231189,CALIFORNIA, MO US,27/11/2012,19,42,16
USC00231189,CALIFORNIA, MO US,28/11/2012,28,39,19
USC00231189,CALIFORNIA, MO US,29/11/2012,38,51,28
USC00231189,CALIFORNIA, MO US,30/11/2012,46,64,38
USC00231189,CALIFORNIA, MO US,03/12/2012,61,70,46
USC00231189,CALIFORNIA, MO US,04/12/2012,45,73,44
USC00231189,CALIFORNIA, MO US,05/12/2012,40,58,34
USC00231189,CALIFORNIA, MO US,06/12/2012,39,56,37
USC00231189,CALIFORNIA, MO US,07/12/2012,44,53,39
USC00231189,CALIFORNIA, MO US,08/12/2012,39,50,38
USC00231189,CALIFORNIA, MO US,09/12/2012,41,50,38
USC00231189,CALIFORNIA, MO US,10/12/2012,20,44,19
USC00231189,CALIFORNIA, MO US,11/12/2012,21,28,15
USC00231189,CALIFORNIA, MO US,12/12/2012,26,42,21
USC00231189,CALIFORNIA, MO US,13/12/2012,33,50,26
USC00231189,CALIFORNIA, MO US,14/12/2012,35,56,33
USC00231189,CALIFORNIA, MO US,15/12/2012,47,51,35
USC00231189,CALIFORNIA, MO US,16/12/2012,39,60,33
USC00231189,CALIFORNIA, MO US,17/12/2012,37,40,36
USC00231189,CALIFORNIA, MO US,18/12/2012,35,37,29
USC00231189,CALIFORNIA, MO US,19/12/2012,33,57,31
USC00231189,CALIFORNIA, MO US,20/12/2012,31,44,30
USC00231189,CALIFORNIA, MO US,21/12/2012,20,31,20
USC00231189,CALIFORNIA, MO US,22/12/2012,34,57,20
USC00231189,CALIFORNIA, MO US,23/12/2012,39,57,26
USC00231189,CALIFORNIA, MO US,24/12/2012,19,48,19
USC00231189,CALIFORNIA, MO US,25/12/2012,25,26,17
USC00231189,CALIFORNIA, MO US,26/12/2012,18,26,17
USC00231189,CALIFORNIA, MO US,27/12/2012,24,26,18
USC00231189,CALIFORNIA, MO US,28/12/2012,30,36,23
USC00231189,CALIFORNIA, MO US,29/12/2012,21,34,21
USC00231189,CALIFORNIA, MO US,30/12/2012,23,30,19
USC00231189,CALIFORNIA, MO US,31/12/2012,30,43,23
USC00231189,CALIFORNIA, MO US,01/01/2013,18,37,15
USC00231189,CALIFORNIA, MO US,02/01/2013,10,22,3
USC00231189,CALIFORNIA, MO US,03/01/2013,20,34,3
USC00231189,CALIFORNIA, MO US,04/01/2013,17,37,13
USC00231189,CALIFORNIA, MO US,05/01/2013,35,38,12
USC00231189,CALIFORNIA, MO US,06/01/2013,24,38,22
USC00231189,CALIFORNIA, MO US,07/01/2013,25,34,19
USC00231189,CALIFORNIA, MO US,08/01/2013,30,49,25
USC00231189,CALIFORNIA, MO US,09/01/2013,33,54,30
USC00231189,CALIFORNIA, MO US,10/01/2013,38,56,33
USC00231189,CALIFORNIA, MO US,11/01/2013,48,48,38
USC00231189,CALIFORNIA, MO US,12/01/2013,38,63,38
USC00231189,CALIFORNIA, MO US,13/01/2013,18,38,17
USC00231189,CALIFORNIA, MO US,14/01/2013,12,22,10
USC00231189,CALIFORNIA, MO US,15/01/2013,12,27,12
USC00231189,CALIFORNIA, MO US,16/01/2013,16,28,12
USC00231189,CALIFORNIA, MO US,17/01/2013,30,41,16
USC00231189,CALIFORNIA, MO US,18/01/2013,29,40,24
USC00231189,CALIFORNIA, MO US,19/01/2013,45,55,28
USC00231189,CALIFORNIA, MO US,20/01/2013,25,59,24
USC00231189,CALIFORNIA, MO US,21/01/2013,15,36,14
USC00231189,CALIFORNIA, MO US,22/01/2013,15,24,13
USC00231189,CALIFORNIA, MO US,23/01/2013,16,26,12
USC00231189,CALIFORNIA, MO US,24/01/2013,12,46,11
USC00231189,CALIFORNIA, MO US,25/01/2013,27,27,12
USC00231189,CALIFORNIA, MO US,26/01/2013,27,42,26
USC00231189,CALIFORNIA, MO US,27/01/2013,38,45,27
USC00231189,CALIFORNIA, MO US,28/01/2013,57,59,38
USC00231189,CALIFORNIA, MO US,29/01/2013,60,74,35
USC00231189,CALIFORNIA, MO US,30/01/2013,32,68,32
USC00231189,CALIFORNIA, MO US,31/01/2013,25,32,22
USC00231189,CALIFORNIA, MO US,01/02/2013,8,29,6
USC00231189,CALIFORNIA, MO US,02/02/2013,35,36,7
USC00231189,CALIFORNIA, MO US,04/02/2013,39,49,29
USC00231189,CALIFORNIA, MO US,05/02/2013,27,53,21
USC00231189,CALIFORNIA, MO US,06/02/2013,33,55,27
USC00231189,CALIFORNIA, MO US,07/02/2013,43,59,33
USC00231189,CALIFORNIA, MO US,08/02/2013,30,48,29
USC00231189,CALIFORNIA, MO US,09/02/2013,28,34,28
USC00231189,CALIFORNIA, MO US,10/02/2013,46,46,28
USC00231189,CALIFORNIA, MO US,11/02/2013,34,60,29
USC00231189,CALIFORNIA, MO US,12/02/2013,28,48,25
USC00231189,CALIFORNIA, MO US,13/02/2013,32,40,27
USC00231189,CALIFORNIA, MO US,14/02/2013,37,50,32
USC00231189,CALIFORNIA, MO US,15/02/2013,26,51,26
USC00231189,CALIFORNIA, MO US,16/02/2013,24,37,18
USC00231189,CALIFORNIA, MO US,17/02/2013,30,37,17
USC00231189,CALIFORNIA, MO US,18/02/2013,54,54,30
USC00231189,CALIFORNIA, MO US,19/02/2013,23,55,23
USC00231189,CALIFORNIA, MO US,20/02/2013,17,32,15
USC00231189,CALIFORNIA, MO US,21/02/2013,21,27,17
USC00231189,CALIFORNIA, MO US,22/02/2013,27,32,20
USC00231189,CALIFORNIA, MO US,23/02/2013,26,28,10
USC00231189,CALIFORNIA, MO US,24/02/2013,38,39,15
USC00231189,CALIFORNIA, MO US,25/02/2013,30,46,29
USC00231189,CALIFORNIA, MO US,27/02/2013,29,33,23
USC00231189,CALIFORNIA, MO US,28/02/2013,27,31,26
USC00231189,CALIFORNIA, MO US,01/03/2013,27,32,26
USC00231189,CALIFORNIA, MO US,02/03/2013,25,30,22
USC00231189,CALIFORNIA, MO US,03/03/2013,29,29,13
USC00231189,CALIFORNIA, MO US,04/03/2013,35,38,22.5
USC00231189,CALIFORNIA, MO US,05/03/2013,33,53,32
USC00231189,CALIFORNIA, MO US,06/03/2013,26,33,25
USC00231189,CALIFORNIA, MO US,07/03/2013,25,32,21
USC00231189,CALIFORNIA, MO US,08/03/2013,35,49,25
USC00231189,CALIFORNIA, MO US,09/03/2013,42,51,34
USC00231189,CALIFORNIA, MO US,10/03/2013,48,67,42
USC00231189,CALIFORNIA, MO US,11/03/2013,28,55,28
USC00231189,CALIFORNIA, MO US,12/03/2013,28,34,26
USC00231189,CALIFORNIA, MO US,13/03/2013,25,48,24
USC00231189,CALIFORNIA, MO US,14/03/2013,33,41,25
USC00231189,CALIFORNIA, MO US,15/03/2013,39,67,33
USC00231189,CALIFORNIA, MO US,16/03/2013,39,78,39
USC00231189,CALIFORNIA, MO US,17/03/2013,33,43,32
USC00231189,CALIFORNIA, MO US,18/03/2013,34,36,33
USC00231189,CALIFORNIA, MO US,19/03/2013,31,51,30
USC00231189,CALIFORNIA, MO US,20/03/2013,28,44,28
USC00231189,CALIFORNIA, MO US,21/03/2013,22,35,20
USC00231189,CALIFORNIA, MO US,22/03/2013,31,35,22
USC00231189,CALIFORNIA, MO US,23/03/2013,34,36,22
USC00231189,CALIFORNIA, MO US,24/03/2013,30,48,30
USC00231189,CALIFORNIA, MO US,25/03/2013,24,30,23
USC00231189,CALIFORNIA, MO US,26/03/2013,23,32,22
USC00231189,CALIFORNIA, MO US,27/03/2013,27,37,23
USC00231189,CALIFORNIA, MO US,28/03/2013,41,45,27
USC00231189,CALIFORNIA, MO US,29/03/2013,42,62,38
USC00231189,CALIFORNIA, MO US,01/04/2013,36,66,35
USC00231189,CALIFORNIA, MO US,02/04/2013,29,46,27
USC00231189,CALIFORNIA, MO US,03/04/2013,34,48,29
USC00231189,CALIFORNIA, MO US,04/04/2013,37,52,33
USC00231189,CALIFORNIA, MO US,05/04/2013,44,57,36
USC00231189,CALIFORNIA, MO US,06/04/2013,52,67,44
USC00231189,CALIFORNIA, MO US,07/04/2013,49,72,48
USC00231189,CALIFORNIA, MO US,08/04/2013,59,74,49
USC00231189,CALIFORNIA, MO US,09/04/2013,64,77,59
USC00231189,CALIFORNIA, MO US,10/04/2013,55,74,54
USC00231189,CALIFORNIA, MO US,11/04/2013,36,56,36
USC00231189,CALIFORNIA, MO US,12/04/2013,34,40,32
USC00231189,CALIFORNIA, MO US,13/04/2013,33,46,32
USC00231189,CALIFORNIA, MO US,14/04/2013,64,64,31
USC00231189,CALIFORNIA, MO US,15/04/2013,48,78,47
USC00231189,CALIFORNIA, MO US,16/04/2013,41,57,41
USC00231189,CALIFORNIA, MO US,17/04/2013,48,48,40
USC00231189,CALIFORNIA, MO US,18/04/2013,58,82,40
USC00231189,CALIFORNIA, MO US,19/04/2013,35,62,34
USC00231189,CALIFORNIA, MO US,20/04/2013,38,50,28
USC00231189,CALIFORNIA, MO US,21/04/2013,45,56,37
USC00231189,CALIFORNIA, MO US,22/04/2013,49,67,44
USC00231189,CALIFORNIA, MO US,23/04/2013,43,71,42
USC00231189,CALIFORNIA, MO US,24/04/2013,34,45,32
USC00231189,CALIFORNIA, MO US,25/04/2013,44,51,34
USC00231189,CALIFORNIA, MO US,26/04/2013,50,64,43
USC00231189,CALIFORNIA, MO US,27/04/2013,48,58,46
USC00231189,CALIFORNIA, MO US,28/04/2013,49,53,47
USC00231189,CALIFORNIA, MO US,29/04/2013,58,66,49
USC00231189,CALIFORNIA, MO US,30/04/2013,65,83,58
USC00231189,CALIFORNIA, MO US,01/05/2013,66,83,56
USC00231189,CALIFORNIA, MO US,02/05/2013,44,83,44
USC00231189,CALIFORNIA, MO US,03/05/2013,34,44,33
USC00231189,CALIFORNIA, MO US,04/05/2013,35,37,32
USC00231189,CALIFORNIA, MO US,05/05/2013,41,49,35
USC00231189,CALIFORNIA, MO US,06/05/2013,54,62,41
USC00231189,CALIFORNIA, MO US,07/05/2013,60,70,53
USC00231189,CALIFORNIA, MO US,08/05/2013,59,76,51
USC00231189,CALIFORNIA, MO US,09/05/2013,61,75,59
USC00231189,CALIFORNIA, MO US,10/05/2013,57,75,57
USC00231189,CALIFORNIA, MO US,11/05/2013,62,75,44
USC00231189,CALIFORNIA, MO US,12/05/2013,50,74,37
USC00231189,CALIFORNIA, MO US,13/05/2013,50,62,40
USC00231189,CALIFORNIA, MO US,14/05/2013,69,75,50
USC00231189,CALIFORNIA, MO US,15/05/2013,70,89,65
USC00231189,CALIFORNIA, MO US,16/05/2013,67,85,63
USC00231189,CALIFORNIA, MO US,17/05/2013,62,78,60
USC00231189,CALIFORNIA, MO US,18/05/2013,68,77,59
USC00231189,CALIFORNIA, MO US,19/05/2013,73,83,68
USC00231189,CALIFORNIA, MO US,20/05/2013,61,86,60
USC00231189,CALIFORNIA, MO US,21/05/2013,65,76,59
USC00231189,CALIFORNIA, MO US,22/05/2013,60,73,56
USC00231189,CALIFORNIA, MO US,23/05/2013,57,68,55
USC00231189,CALIFORNIA, MO US,24/05/2013,54,66,48
USC00231189,CALIFORNIA, MO US,25/05/2013,54,69,52
USC00231189,CALIFORNIA, MO US,26/05/2013,63,76,53
USC00231189,CALIFORNIA, MO US,27/05/2013,67,82,60
USC00231189,CALIFORNIA, MO US,28/05/2013,71,73,63
USC00231189,CALIFORNIA, MO US,29/05/2013,69,78,66
USC00231189,CALIFORNIA, MO US,30/05/2013,67,82,63
USC00231189,CALIFORNIA, MO US,31/05/2013,63,80,61
USC00231189,CALIFORNIA, MO US,01/06/2013,65,80,59
USC00231189,CALIFORNIA, MO US,03/06/2013,58,73,52
USC00231189,CALIFORNIA, MO US,04/06/2013,58,72,54
USC00231189,CALIFORNIA, MO US,05/06/2013,63,73,54
USC00231189,CALIFORNIA, MO US,06/06/2013,63,73,54
USC00231189,CALIFORNIA, MO US,07/06/2013,61,74,53
USC00231189,CALIFORNIA, MO US,08/06/2013,62,73,51
USC00231189,CALIFORNIA, MO US,09/06/2013,64,77,62
USC00231189,CALIFORNIA, MO US,10/06/2013,66,78,60
USC00231189,CALIFORNIA, MO US,11/06/2013,73,80,64
USC00231189,CALIFORNIA, MO US,12/06/2013,77,91,69
USC00231189,CALIFORNIA, MO US,13/06/2013,67,91,64
USC00231189,CALIFORNIA, MO US,14/06/2013,69,83,62
USC00231189,CALIFORNIA, MO US,15/06/2013,67,84,67
USC00231189,CALIFORNIA, MO US,16/06/2013,72,84,66
USC00231189,CALIFORNIA, MO US,17/06/2013,67,82,65
USC00231189,CALIFORNIA, MO US,18/06/2013,69,78,63
USC00231189,CALIFORNIA, MO US,19/06/2013,68,84,62
USC00231189,CALIFORNIA, MO US,20/06/2013,72,84,66
USC00231189,CALIFORNIA, MO US,21/06/2013,75,86,71
USC00231189,CALIFORNIA, MO US,22/06/2013,76,89,72
USC00231189,CALIFORNIA, MO US,23/06/2013,69,88,67
USC00231189,CALIFORNIA, MO US,24/06/2013,75,88,69
USC00231189,CALIFORNIA, MO US,25/06/2013,78,89,73
USC00231189,CALIFORNIA, MO US,26/06/2013,78,87,74
USC00231189,CALIFORNIA, MO US,27/06/2013,79,95,67
USC00231189,CALIFORNIA, MO US,28/06/2013,71,89,67
USC00231189,CALIFORNIA, MO US,29/06/2013,66,85,65
USC00231189,CALIFORNIA, MO US,30/06/2013,71,82,62
USC00231189,CALIFORNIA, MO US,01/07/2013,65,74,60
USC00231189,CALIFORNIA, MO US,02/07/2013,62,79,58
USC00231189,CALIFORNIA, MO US,03/07/2013,65,79,56
USC00231189,CALIFORNIA, MO US,04/07/2013,64,81,57
USC00231189,CALIFORNIA, MO US,05/07/2013,68,84,61
USC00231189,CALIFORNIA, MO US,06/07/2013,65,86,63
USC00231189,CALIFORNIA, MO US,07/07/2013,71,87,65
USC00231189,CALIFORNIA, MO US,08/07/2013,76,88,71
USC00231189,CALIFORNIA, MO US,09/07/2013,78,89,73
USC00231189,CALIFORNIA, MO US,10/07/2013,75,92,74
USC00231189,CALIFORNIA, MO US,11/07/2013,70,88,65
USC00231189,CALIFORNIA, MO US,12/07/2013,67,85,61
USC00231189,CALIFORNIA, MO US,13/07/2013,61,84,59
USC00231189,CALIFORNIA, MO US,14/07/2013,77,80,61
USC00231189,CALIFORNIA, MO US,15/07/2013,75,85,68
USC00231189,CALIFORNIA, MO US,16/07/2013,75,89,70
USC00231189,CALIFORNIA, MO US,17/07/2013,78,91,72
USC00231189,CALIFORNIA, MO US,18/07/2013,77,93,72
USC00231189,CALIFORNIA, MO US,19/07/2013,78,95,72
USC00231189,CALIFORNIA, MO US,20/07/2013,80,95,73
USC00231189,CALIFORNIA, MO US,21/07/2013,70,84,69
USC00231189,CALIFORNIA, MO US,22/07/2013,73,84,66
USC00231189,CALIFORNIA, MO US,23/07/2013,75,90,71
USC00231189,CALIFORNIA, MO US,24/07/2013,67,88,65
USC00231189,CALIFORNIA, MO US,25/07/2013,65,81,59
USC00231189,CALIFORNIA, MO US,26/07/2013,70,83,65
USC00231189,CALIFORNIA, MO US,27/07/2013,65,74,57
USC00231189,CALIFORNIA, MO US,28/07/2013,64,80,60
USC00231189,CALIFORNIA, MO US,29/07/2013,69,72,64
USC00231189,CALIFORNIA, MO US,30/07/2013,69,72,68
USC00231189,CALIFORNIA, MO US,31/07/2013,71,82,69
USC00231189,CALIFORNIA, MO US,01/08/2013,68,82,61
USC00231189,CALIFORNIA, MO US,02/08/2013,69,88,66
USC00231189,CALIFORNIA, MO US,05/08/2013,69,86,66
USC00231189,CALIFORNIA, MO US,06/08/2013,69,84,68
USC00231189,CALIFORNIA, MO US,07/08/2013,71,86,69
USC00231189,CALIFORNIA, MO US,08/08/2013,68,85,68
USC00231189,CALIFORNIA, MO US,09/08/2013,70,76,67
USC00231189,CALIFORNIA, MO US,10/08/2013,68,75,63
USC00231189,CALIFORNIA, MO US,11/08/2013,67,83,58
USC00231189,CALIFORNIA, MO US,12/08/2013,72,84,67
USC00231189,CALIFORNIA, MO US,13/08/2013,65,82,64
USC00231189,CALIFORNIA, MO US,14/08/2013,61,78,58
USC00231189,CALIFORNIA, MO US,15/08/2013,59,74,56
USC00231189,CALIFORNIA, MO US,16/08/2013,60,73,58
USC00231189,CALIFORNIA, MO US,17/08/2013,54,75,54
USC00231189,CALIFORNIA, MO US,18/08/2013,74,78,54
USC00231189,CALIFORNIA, MO US,19/08/2013,66,80,61
USC00231189,CALIFORNIA, MO US,20/08/2013,67,83,63
USC00231189,CALIFORNIA, MO US,21/08/2013,68,85,64
USC00231189,CALIFORNIA, MO US,22/08/2013,70,87,67
USC00231189,CALIFORNIA, MO US,23/08/2013,73,90,68
USC00231189,CALIFORNIA, MO US,24/08/2013,72,90,69
USC00231189,CALIFORNIA, MO US,25/08/2013,71,89,64
USC00231189,CALIFORNIA, MO US,26/08/2013,71,89,68
USC00231189,CALIFORNIA, MO US,27/08/2013,73,91,70
USC00231189,CALIFORNIA, MO US,28/08/2013,72,92,67
USC00231189,CALIFORNIA, MO US,29/08/2013,73,92,68
USC00231189,CALIFORNIA, MO US,30/08/2013,77,93,73
USC00231189,CALIFORNIA, MO US,31/08/2013,75,97,74
USC00231189,CALIFORNIA, MO US,01/09/2013,74,97,72
USC00231189,CALIFORNIA, MO US,02/09/2013,62,97,62
USC00231189,CALIFORNIA, MO US,03/09/2013,62,82,57
USC00231189,CALIFORNIA, MO US,04/09/2013,60,83,55
USC00231189,CALIFORNIA, MO US,05/09/2013,65,87,58
USC00231189,CALIFORNIA, MO US,06/09/2013,70,88,65
USC00231189,CALIFORNIA, MO US,07/09/2013,66,87,62
USC00231189,CALIFORNIA, MO US,08/09/2013,72,93,66
USC00231189,CALIFORNIA, MO US,09/09/2013,75,90,71
USC00231189,CALIFORNIA, MO US,10/09/2013,74,96,70
USC00231189,CALIFORNIA, MO US,11/09/2013,72,95,65
USC00231189,CALIFORNIA, MO US,12/09/2013,72,95,70
USC00231189,CALIFORNIA, MO US,13/09/2013,57,85,53
USC00231189,CALIFORNIA, MO US,14/09/2013,47,76,47
USC00231189,CALIFORNIA, MO US,15/09/2013,62,77,47
USC00231189,CALIFORNIA, MO US,16/09/2013,57,85,57
USC00231189,CALIFORNIA, MO US,17/09/2013,60,64,57
USC00231189,CALIFORNIA, MO US,18/09/2013,67,68,60
USC00231189,CALIFORNIA, MO US,19/09/2013,72,85,67
USC00231189,CALIFORNIA, MO US,20/09/2013,64,89,64
USC00231189,CALIFORNIA, MO US,21/09/2013,55,71,49
USC00231189,CALIFORNIA, MO US,22/09/2013,54,71,46
USC00231189,CALIFORNIA, MO US,23/09/2013,55,74,49
USC00231189,CALIFORNIA, MO US,24/09/2013,59,76,55
USC00231189,CALIFORNIA, MO US,25/09/2013,57,79,55
USC00231189,CALIFORNIA, MO US,26/09/2013,63,77,57
USC00231189,CALIFORNIA, MO US,27/09/2013,64,83,61
USC00231189,CALIFORNIA, MO US,28/09/2013,66,83,63
USC00231189,CALIFORNIA, MO US,29/09/2013,52,74,51
USC00231189,CALIFORNIA, MO US,30/09/2013,54,72,49
USC00231189,CALIFORNIA, MO US,01/10/2013,64,75,54
USC00231189,CALIFORNIA, MO US,02/10/2013,64,82,62
USC00231189,CALIFORNIA, MO US,03/10/2013,66,84,64
USC00231189,CALIFORNIA, MO US,04/10/2013,68,85,66
USC00231189,CALIFORNIA, MO US,05/10/2013,57,86,57
USC00231189,CALIFORNIA, MO US,06/10/2013,47,57,41
USC00231189,CALIFORNIA, MO US,07/10/2013,47,56,45
USC00231189,CALIFORNIA, MO US,08/10/2013,49,71,45
USC00231189,CALIFORNIA, MO US,09/10/2013,50,73,46
USC00231189,CALIFORNIA, MO US,10/10/2013,51,72,49
USC00231189,CALIFORNIA, MO US,11/10/2013,55,76,51
USC00231189,CALIFORNIA, MO US,12/10/2013,59,78,55
USC00231189,CALIFORNIA, MO US,13/10/2013,49,71,43
USC00231189,CALIFORNIA, MO US,14/10/2013,51,71,47
USC00231189,CALIFORNIA, MO US,15/10/2013,60,65,51
USC00231189,CALIFORNIA, MO US,16/10/2013,42,60,39
USC00231189,CALIFORNIA, MO US,17/10/2013,45,57,42
USC00231189,CALIFORNIA, MO US,18/10/2013,42,63,41
USC00231189,CALIFORNIA, MO US,19/10/2013,35,54,35
USC00231189,CALIFORNIA, MO US,20/10/2013,57,57,35
USC00231189,CALIFORNIA, MO US,21/10/2013,45,69,45
USC00231189,CALIFORNIA, MO US,22/10/2013,44,52,36
USC00231189,CALIFORNIA, MO US,23/10/2013,32,64,31
USC00231189,CALIFORNIA, MO US,24/10/2013,36,48,32
USC00231189,CALIFORNIA, MO US,25/10/2013,30,48,25
USC00231189,CALIFORNIA, MO US,26/10/2013,47,54,30
USC00231189,CALIFORNIA, MO US,27/10/2013,42,62,26
USC00231189,CALIFORNIA, MO US,28/10/2013,35,62,27
USC00231189,CALIFORNIA, MO US,29/10/2013,51,67,35
USC00231189,CALIFORNIA, MO US,30/10/2013,62,62,51
USC00231189,CALIFORNIA, MO US,31/10/2013,59,69,59
USC00231189,CALIFORNIA, MO US,01/11/2013,44,61,43
USC00231189,CALIFORNIA, MO US,02/11/2013,47,60,40
USC00231189,CALIFORNIA, MO US,03/11/2013,47,52,30
USC00231189,CALIFORNIA, MO US,04/11/2013,47,58,46
USC00231189,CALIFORNIA, MO US,05/11/2013,53,63,46
USC00231189,CALIFORNIA, MO US,06/11/2013,39,59,39
USC00231189,CALIFORNIA, MO US,07/11/2013,35,42,31
USC00231189,CALIFORNIA, MO US,08/11/2013,37,55,28
USC00231189,CALIFORNIA, MO US,09/11/2013,46,61,36
USC00231189,CALIFORNIA, MO US,10/11/2013,43,65,37
USC00231189,CALIFORNIA, MO US,11/11/2013,55,57,40
USC00231189,CALIFORNIA, MO US,12/11/2013,21,63,19
USC00231189,CALIFORNIA, MO US,13/11/2013,23,34,15
USC00231189,CALIFORNIA, MO US,14/11/2013,31,47,23
USC00231189,CALIFORNIA, MO US,15/11/2013,42,55,31
USC00231189,CALIFORNIA, MO US,16/11/2013,56,57,42
USC00231189,CALIFORNIA, MO US,17/11/2013,70,71,56
USC00231189,CALIFORNIA, MO US,18/11/2013,39,71,36
USC00231189,CALIFORNIA, MO US,19/11/2013,38,54,31
USC00231189,CALIFORNIA, MO US,20/11/2013,39,55,38
USC00231189,CALIFORNIA, MO US,21/11/2013,49,49,38
USC00231189,CALIFORNIA, MO US,22/11/2013,29,50,29
USC00231189,CALIFORNIA, MO US,23/11/2013,24,31,24
USC00231189,CALIFORNIA, MO US,24/11/2013,13,30,10
USC00231189,CALIFORNIA, MO US,25/11/2013,29,29,13
USC00231189,CALIFORNIA, MO US,26/11/2013,27,36,23
USC00231189,CALIFORNIA, MO US,27/11/2013,17,39,14
USC00231189,CALIFORNIA, MO US,28/11/2013,34,34,17
USC00231189,CALIFORNIA, MO US,29/11/2013,27,44,23
USC00231189,CALIFORNIA, MO US,30/11/2013,38,49,27
USC00231189,CALIFORNIA, MO US,01/12/2013,29,58,27
USC00231189,CALIFORNIA, MO US,02/12/2013,40,59,29
USC00231189,CALIFORNIA, MO US,03/12/2013,42,60,29
USC00231189,CALIFORNIA, MO US,04/12/2013,49,61,42
USC00231189,CALIFORNIA, MO US,05/12/2013,20,61,19
USC00231189,CALIFORNIA, MO US,06/12/2013,17,23,17
USC00231189,CALIFORNIA, MO US,09/12/2013,14,24,14
USC00231189,CALIFORNIA, MO US,10/12/2013,16,20,11
USC00231189,CALIFORNIA, MO US,11/12/2013,24,37,16
USC00231189,CALIFORNIA, MO US,12/12/2013,17,30,7
USC00231189,CALIFORNIA, MO US,13/12/2013,28,44,17
USC00231189,CALIFORNIA, MO US,14/12/2013,30,33,28
USC00231189,CALIFORNIA, MO US,15/12/2013,17,30,16
USC00231189,CALIFORNIA, MO US,16/12/2013,32,44,17
USC00231189,CALIFORNIA, MO US,17/12/2013,33,56,23
USC00231189,CALIFORNIA, MO US,18/12/2013,32,46,23
USC00231189,CALIFORNIA, MO US,19/12/2013,46,60,32
USC00231189,CALIFORNIA, MO US,20/12/2013,41,57,41
USC00231189,CALIFORNIA, MO US,21/12/2013,27,43.5,26
USC00231189,CALIFORNIA, MO US,22/12/2013,27,30,26
USC00231189,CALIFORNIA, MO US,23/12/2013,11,30,10
USC00231189,CALIFORNIA, MO US,24/12/2013,3,29,0
USC00231189,CALIFORNIA, MO US,25/12/2013,28,28,3
USC00231189,CALIFORNIA, MO US,26/12/2013,24,31,19
USC00231189,CALIFORNIA, MO US,27/12/2013,28,45,24
USC00231189,CALIFORNIA, MO US,28/12/2013,45,52,22
USC00231189,CALIFORNIA, MO US,29/12/2013,19,53,19
USC00231189,CALIFORNIA, MO US,30/12/2013,11,21,8
USC00231189,CALIFORNIA, MO US,31/12/2013,20,28,11
USC00231189,CALIFORNIA, MO US,01/01/2014,34,47,20
USC00231189,CALIFORNIA, MO US,02/01/2014,4,41,4
USC00231189,CALIFORNIA, MO US,03/01/2014,3,14,-4
USC00231189,CALIFORNIA, MO US,04/01/2014,26,30,2
USC00231189,CALIFORNIA, MO US,05/01/2014,10,42,9
USC00231189,CALIFORNIA, MO US,06/01/2014,-9,10,-11
USC00231189,CALIFORNIA, MO US,07/01/2014,-1,-1,-11
USC00231189,CALIFORNIA, MO US,08/01/2014,24,36,2
USC00231189,CALIFORNIA, MO US,09/01/2014,20,36,11
USC00231189,CALIFORNIA, MO US,10/01/2014,34,34,20
USC00231189,CALIFORNIA, MO US,11/01/2014,34,45,33
USC00231189,CALIFORNIA, MO US,12/01/2014,36,45,26
USC00231189,CALIFORNIA, MO US,13/01/2014,36,65,35
USC00231189,CALIFORNIA, MO US,14/01/2014,41,49,28
USC00231189,CALIFORNIA, MO US,15/01/2014,21,44,21
USC00231189,CALIFORNIA, MO US,16/01/2014,36,36,21
USC00231189,CALIFORNIA, MO US,17/01/2014,15,47,14
USC00231189,CALIFORNIA, MO US,18/01/2014,20,46,15
USC00231189,CALIFORNIA, MO US,19/01/2014,34,55,19
USC00231189,CALIFORNIA, MO US,20/01/2014,7,52,6
USC00231189,CALIFORNIA, MO US,21/01/2014,7,37,6
USC00231189,CALIFORNIA, MO US,22/01/2014,22,22,7
USC00231189,CALIFORNIA, MO US,23/01/2014,1,34,-1
USC00231189,CALIFORNIA, MO US,24/01/2014,8,14,1
USC00231189,CALIFORNIA, MO US,25/01/2014,43,45,8
USC00231189,CALIFORNIA, MO US,27/01/2014,6,57,5
USC00231189,CALIFORNIA, MO US,28/01/2014,8,15,1
USC00231189,CALIFORNIA, MO US,29/01/2014,12,20,6
USC00231189,CALIFORNIA, MO US,30/01/2014,29,39,12
USC00231189,CALIFORNIA, MO US,31/01/2014,25,47,24
USC00231189,CALIFORNIA, MO US,01/02/2014,28,30,24
USC00231189,CALIFORNIA, MO US,02/02/2014,12,29,12
USC00231189,CALIFORNIA, MO US,03/02/2014,6,17,2
USC00231189,CALIFORNIA, MO US,04/02/2014,21,26,5
USC00231189,CALIFORNIA, MO US,05/02/2014,7,23,7
USC00231189,CALIFORNIA, MO US,06/02/2014,-4,11,-6
USC00231189,CALIFORNIA, MO US,07/02/2014,0,9,-9
USC00231189,CALIFORNIA, MO US,08/02/2014,18,18,-1
USC00231189,CALIFORNIA, MO US,09/02/2014,22,27,18
USC00231189,CALIFORNIA, MO US,10/02/2014,4,24,4
USC00231189,CALIFORNIA, MO US,11/02/2014,-1,14,-6
USC00231189,CALIFORNIA, MO US,12/02/2014,10,24,-1
USC00231189,CALIFORNIA, MO US,13/02/2014,20,37,10
USC00231189,CALIFORNIA, MO US,14/02/2014,37,44,9.5
USC00231189,CALIFORNIA, MO US,15/02/2014,14,41,9
USC00231189,CALIFORNIA, MO US,16/02/2014,27,36,13
USC00231189,CALIFORNIA, MO US,17/02/2014,33,33,27
USC00231189,CALIFORNIA, MO US,18/02/2014,41,49,33
USC00231189,CALIFORNIA, MO US,19/02/2014,37,64,31
USC00231189,CALIFORNIA, MO US,20/02/2014,58,58,36
USC00231189,CALIFORNIA, MO US,21/02/2014,33,72,30
USC00231189,CALIFORNIA, MO US,22/02/2014,45,57,28
USC00231189,CALIFORNIA, MO US,23/02/2014,30,55,23
USC00231189,CALIFORNIA, MO US,24/02/2014,24,37,19
USC00231189,CALIFORNIA, MO US,25/02/2014,23,37,21
USC00231189,CALIFORNIA, MO US,26/02/2014,8,29,6
USC00231189,CALIFORNIA, MO US,27/02/2014,19,27,8
USC00231189,CALIFORNIA, MO US,28/02/2014,24,30,17
USC00231189,CALIFORNIA, MO US,01/03/2014,25,49,23
USC00231189,CALIFORNIA, MO US,02/03/2014,8,31,5
USC00231189,CALIFORNIA, MO US,03/03/2014,-1,8,-3
USC00231189,CALIFORNIA, MO US,04/03/2014,23,24,-3
USC00231189,CALIFORNIA, MO US,05/03/2014,30,43,23
USC00231189,CALIFORNIA, MO US,06/03/2014,27,50,24
USC00231189,CALIFORNIA, MO US,07/03/2014,36,49,26
USC00231189,CALIFORNIA, MO US,08/03/2014,31,64,31
USC00231189,CALIFORNIA, MO US,09/03/2014,26,38,22
USC00231189,CALIFORNIA, MO US,10/03/2014,46,57,26
USC00231189,CALIFORNIA, MO US,11/03/2014,53,76,46
USC00231189,CALIFORNIA, MO US,12/03/2014,32,79,32
USC00231189,CALIFORNIA, MO US,13/03/2014,32,46,28
USC00231189,CALIFORNIA, MO US,14/03/2014,51,65,32
USC00231189,CALIFORNIA, MO US,15/03/2014,43,64,31
USC00231189,CALIFORNIA, MO US,16/03/2014,32,70,32
USC00231189,CALIFORNIA, MO US,17/03/2014,19,33,15
USC00231189,CALIFORNIA, MO US,18/03/2014,39,47,19
USC00231189,CALIFORNIA, MO US,19/03/2014,36,64,36
USC00231189,CALIFORNIA, MO US,20/03/2014,37,51,30
USC00231189,CALIFORNIA, MO US,21/03/2014,46,67,37
USC00231189,CALIFORNIA, MO US,22/03/2014,29,75,29
USC00231189,CALIFORNIA, MO US,23/03/2014,24,48,24
USC00231189,CALIFORNIA, MO US,24/03/2014,28,41,23
USC00231189,CALIFORNIA, MO US,25/03/2014,27,42,26
USC00231189,CALIFORNIA, MO US,26/03/2014,27,39,21
USC00231189,CALIFORNIA, MO US,27/03/2014,49,52,27
USC00231189,CALIFORNIA, MO US,28/03/2014,36,65,36
USC00231189,CALIFORNIA, MO US,29/03/2014,45,46,33
USC00231189,CALIFORNIA, MO US,30/03/2014,43,52,31
USC00231189,CALIFORNIA, MO US,31/03/2014,52,70,32
USC00231189,CALIFORNIA, MO US,01/04/2014,32,69,30
USC00231189,CALIFORNIA, MO US,02/04/2014,44,54,32
USC00231189,CALIFORNIA, MO US,03/04/2014,56,60,44
USC00231189,CALIFORNIA, MO US,04/04/2014,38,64,37
USC00231189,CALIFORNIA, MO US,05/04/2014,34,42,34
USC00231189,CALIFORNIA, MO US,06/04/2014,42,55,33
USC00231189,CALIFORNIA, MO US,07/04/2014,45,61,42
USC00231189,CALIFORNIA, MO US,08/04/2014,47,62,45
USC00231189,CALIFORNIA, MO US,09/04/2014,41,59,35
USC00231189,CALIFORNIA, MO US,10/04/2014,63,68,41
USC00231189,CALIFORNIA, MO US,11/04/2014,53,74,46
USC00231189,CALIFORNIA, MO US,12/04/2014,63,73,53
USC00231189,CALIFORNIA, MO US,13/04/2014,62,81,62
USC00231189,CALIFORNIA, MO US,14/04/2014,36,70,35
USC00231189,CALIFORNIA, MO US,15/04/2014,31,38,27
USC00231189,CALIFORNIA, MO US,16/04/2014,40,49,31
USC00231189,CALIFORNIA, MO US,17/04/2014,42,61,40
USC00231189,CALIFORNIA, MO US,18/04/2014,44,53,38
USC00231189,CALIFORNIA, MO US,19/04/2014,63,68,43
USC00231189,CALIFORNIA, MO US,20/04/2014,65,76,53
USC00231189,CALIFORNIA, MO US,21/04/2014,60,78,58
USC00231189,CALIFORNIA, MO US,22/04/2014,49,72,46
USC00231189,CALIFORNIA, MO US,23/04/2014,50,66,44
USC00231189,CALIFORNIA, MO US,24/04/2014,58,69,50
USC00231189,CALIFORNIA, MO US,25/04/2014,63,75,46
USC00231189,CALIFORNIA, MO US,26/04/2014,73,74,60
USC00231189,CALIFORNIA, MO US,28/04/2014,60,77,56
USC00231189,CALIFORNIA, MO US,29/04/2014,49,69,48
USC00231189,CALIFORNIA, MO US,30/04/2014,42,50,40
USC00231189,CALIFORNIA, MO US,03/05/2014,54,63,45
USC00231189,CALIFORNIA, MO US,04/05/2014,74,76,50
USC00231189,CALIFORNIA, MO US,05/05/2014,65,87,58
USC00231189,CALIFORNIA, MO US,06/05/2014,63,88,57
USC00231189,CALIFORNIA, MO US,07/05/2014,71,89,62
USC00231189,CALIFORNIA, MO US,08/05/2014,69,87,68
USC00231189,CALIFORNIA, MO US,09/05/2014,58,80,57
USC00231189,CALIFORNIA, MO US,10/05/2014,62,74,50
USC00231189,CALIFORNIA, MO US,11/05/2014,71,81,62
USC00231189,CALIFORNIA, MO US,12/05/2014,72,84,71
USC00231189,CALIFORNIA, MO US,13/05/2014,49,86,49
USC00231189,CALIFORNIA, MO US,14/05/2014,47,55,45
USC00231189,CALIFORNIA, MO US,15/05/2014,49,54,44
USC00231189,CALIFORNIA, MO US,16/05/2014,46,59,37
USC00231189,CALIFORNIA, MO US,17/05/2014,47,57,35
USC00231189,CALIFORNIA, MO US,18/05/2014,51,62,41
USC00231189,CALIFORNIA, MO US,19/05/2014,59,69,51
USC00231189,CALIFORNIA, MO US,20/05/2014,67,79,59
USC00231189,CALIFORNIA, MO US,21/05/2014,69,84,64
USC00231189,CALIFORNIA, MO US,22/05/2014,68,84,66
USC00231189,CALIFORNIA, MO US,23/05/2014,62,81,56
USC00231189,CALIFORNIA, MO US,24/05/2014,66,73.5,59
USC00231189,CALIFORNIA, MO US,25/05/2014,66,66,60
USC00231189,CALIFORNIA, MO US,26/05/2014,77,83,64
USC00231189,CALIFORNIA, MO US,27/05/2014,67,82,62
USC00231189,CALIFORNIA, MO US,28/05/2014,67,81,61
USC00231189,CALIFORNIA, MO US,29/05/2014,70,83,64
USC00231189,CALIFORNIA, MO US,30/05/2014,74,83.5,67
USC00231189,CALIFORNIA, MO US,31/05/2014,72,84,64
USC00231189,CALIFORNIA, MO US,01/06/2014,76,84,66
USC00231189,CALIFORNIA, MO US,02/06/2014,67,85,66
USC00231189,CALIFORNIA, MO US,03/06/2014,75,83,65
USC00231189,CALIFORNIA, MO US,04/06/2014,69,88,65
USC00231189,CALIFORNIA, MO US,05/06/2014,64,80,64
USC00231189,CALIFORNIA, MO US,06/06/2014,66,70,64
USC00231189,CALIFORNIA, MO US,07/06/2014,67,75,65
USC00231189,CALIFORNIA, MO US,08/06/2014,66,75,57
USC00231189,CALIFORNIA, MO US,09/06/2014,65,71,60
USC00231189,CALIFORNIA, MO US,10/06/2014,62,71,60
USC00231189,CALIFORNIA, MO US,11/06/2014,63,74,61
USC00231189,CALIFORNIA, MO US,12/06/2014,63,74,57
USC00231189,CALIFORNIA, MO US,13/06/2014,60,69,54
USC00231189,CALIFORNIA, MO US,14/06/2014,57,75,53
USC00231189,CALIFORNIA, MO US,15/06/2014,68,78,57
USC00231189,CALIFORNIA, MO US,16/06/2014,75,83,67
USC00231189,CALIFORNIA, MO US,17/06/2014,76,88,74
USC00231189,CALIFORNIA, MO US,18/06/2014,77,89,72
USC00231189,CALIFORNIA, MO US,19/06/2014,76,89,70
USC00231189,CALIFORNIA, MO US,20/06/2014,75,88,69
USC00231189,CALIFORNIA, MO US,21/06/2014,72,91,69
USC00231189,CALIFORNIA, MO US,22/06/2014,80,90,68
USC00231189,CALIFORNIA, MO US,23/06/2014,68,88,65
USC00231189,CALIFORNIA, MO US,24/06/2014,70,80,67
USC00231189,CALIFORNIA, MO US,25/06/2014,73,83,65
USC00231189,CALIFORNIA, MO US,26/06/2014,71,85,66
USC00231189,CALIFORNIA, MO US,27/06/2014,71,86,67
USC00231189,CALIFORNIA, MO US,28/06/2014,78,85,71
USC00231189,CALIFORNIA, MO US,29/06/2014,76,84,66
USC00231189,CALIFORNIA, MO US,30/06/2014,77,87,75
USC00231189,CALIFORNIA, MO US,01/07/2014,68,91,67
USC00231189,CALIFORNIA, MO US,02/07/2014,64,82,60
USC00231189,CALIFORNIA, MO US,03/07/2014,67,78,53
USC00231189,CALIFORNIA, MO US,05/07/2014,66,80,61
USC00231189,CALIFORNIA, MO US,06/07/2014,70,80,66
USC00231189,CALIFORNIA, MO US,07/07/2014,79,84,70
USC00231189,CALIFORNIA, MO US,08/07/2014,70,91,65
USC00231189,CALIFORNIA, MO US,09/07/2014,70,82,63
USC00231189,CALIFORNIA, MO US,10/07/2014,68,81,61
USC00231189,CALIFORNIA, MO US,11/07/2014,71,81,65
USC00231189,CALIFORNIA, MO US,12/07/2014,74,88,70
USC00231189,CALIFORNIA, MO US,13/07/2014,75,90,74
USC00231189,CALIFORNIA, MO US,14/07/2014,72,86,66
USC00231189,CALIFORNIA, MO US,15/07/2014,59,84,55
USC00231189,CALIFORNIA, MO US,16/07/2014,64,72,52
USC00231189,CALIFORNIA, MO US,17/07/2014,64,75,55
USC00231189,CALIFORNIA, MO US,18/07/2014,72,77,58
USC00231189,CALIFORNIA, MO US,19/07/2014,67,80,57
USC00231189,CALIFORNIA, MO US,20/07/2014,77,80,62
USC00231189,CALIFORNIA, MO US,21/07/2014,70,82,64
USC00231189,CALIFORNIA, MO US,22/07/2014,74,88,67
USC00231189,CALIFORNIA, MO US,23/07/2014,76,93,73
USC00231189,CALIFORNIA, MO US,24/07/2014,66,88,60
USC00231189,CALIFORNIA, MO US,25/07/2014,66,82,62
USC00231189,CALIFORNIA, MO US,26/07/2014,77,89,65
USC00231189,CALIFORNIA, MO US,27/07/2014,77,92,76
USC00231189,CALIFORNIA, MO US,28/07/2014,65,89,61
USC00231189,CALIFORNIA, MO US,29/07/2014,65,80,57
USC00231189,CALIFORNIA, MO US,30/07/2014,65,81,60
USC00231189,CALIFORNIA, MO US,31/07/2014,66,80,57
USC00231189,CALIFORNIA, MO US,01/08/2014,65,84,58
USC00231189,CALIFORNIA, MO US,02/08/2014,64,83,64
USC00231189,CALIFORNIA, MO US,03/08/2014,69,87,64
USC00231189,CALIFORNIA, MO US,05/08/2014,78,87,65
USC00231189,CALIFORNIA, MO US,06/08/2014,72,89,67
USC00231189,CALIFORNIA, MO US,07/08/2014,68,92,67
USC00231189,CALIFORNIA, MO US,08/08/2014,70,82,68
USC00231189,CALIFORNIA, MO US,09/08/2014,70,74,68
USC00231189,CALIFORNIA, MO US,10/08/2014,72,82,67
USC00231189,CALIFORNIA, MO US,11/08/2014,70,77,67
USC00231189,CALIFORNIA, MO US,12/08/2014,65,82,60
USC00231189,CALIFORNIA, MO US,13/08/2014,65,78,58
USC00231189,CALIFORNIA, MO US,14/08/2014,67,80,59
USC00231189,CALIFORNIA, MO US,15/08/2014,67,84,65
USC00231189,CALIFORNIA, MO US,16/08/2014,75,83,66
USC00231189,CALIFORNIA, MO US,17/08/2014,72,85,68
USC00231189,CALIFORNIA, MO US,18/08/2014,70,78,66
USC00231189,CALIFORNIA, MO US,19/08/2014,71,85,67
USC00231189,CALIFORNIA, MO US,20/08/2014,74,88,71
USC00231189,CALIFORNIA, MO US,21/08/2014,76,91,70
USC00231189,CALIFORNIA, MO US,22/08/2014,76,94,74
USC00231189,CALIFORNIA, MO US,23/08/2014,79,94,74
USC00231189,CALIFORNIA, MO US,24/08/2014,77,96,74
USC00231189,CALIFORNIA, MO US,25/08/2014,77,95,70
USC00231189,CALIFORNIA, MO US,26/08/2014,77,96,74
USC00231189,CALIFORNIA, MO US,27/08/2014,74,96,70
USC00231189,CALIFORNIA, MO US,28/08/2014,73,87,69
USC00231189,CALIFORNIA, MO US,29/08/2014,72,90,68
USC00231189,CALIFORNIA, MO US,30/08/2014,70,88,69
USC00231189,CALIFORNIA, MO US,31/08/2014,66,88,65
USC00231189,CALIFORNIA, MO US,01/09/2014,76,91,64
USC00231189,CALIFORNIA, MO US,02/09/2014,70,81,68
USC00231189,CALIFORNIA, MO US,03/09/2014,66,80,64
USC00231189,CALIFORNIA, MO US,04/09/2014,76,81,66
USC00231189,CALIFORNIA, MO US,05/09/2014,85,91,73
USC00231189,CALIFORNIA, MO US,06/09/2014,58,91,57
USC00231189,CALIFORNIA, MO US,07/09/2014,60,71,52
USC00231189,CALIFORNIA, MO US,08/09/2014,60,76,55
USC00231189,CALIFORNIA, MO US,09/09/2014,70,82,60
USC00231189,CALIFORNIA, MO US,10/09/2014,73,88,70
USC00231189,CALIFORNIA, MO US,11/09/2014,55,82,54
USC00231189,CALIFORNIA, MO US,12/09/2014,50,57,49
USC00231189,CALIFORNIA, MO US,13/09/2014,45,53,39
USC00231189,CALIFORNIA, MO US,14/09/2014,59,63,44
USC00231189,CALIFORNIA, MO US,15/09/2014,59,69,53
USC00231189,CALIFORNIA, MO US,16/09/2014,54,75,54
USC00231189,CALIFORNIA, MO US,17/09/2014,60,70,54
USC00231189,CALIFORNIA, MO US,18/09/2014,59,72,58
USC00231189,CALIFORNIA, MO US,19/09/2014,57,71,54
USC00231189,CALIFORNIA, MO US,21/09/2014,63,83,57
USC00231189,CALIFORNIA, MO US,22/09/2014,53,76,49
USC00231189,CALIFORNIA, MO US,23/09/2014,53,74,49
USC00231189,CALIFORNIA, MO US,24/09/2014,53,75,49
USC00231189,CALIFORNIA, MO US,25/09/2014,59,76,53
USC00231189,CALIFORNIA, MO US,26/09/2014,63,80,57
USC00231189,CALIFORNIA, MO US,27/09/2014,66,83,58
USC00231189,CALIFORNIA, MO US,28/09/2014,70,81,59
USC00231189,CALIFORNIA, MO US,29/09/2014,62,84,57
USC00231189,CALIFORNIA, MO US,30/09/2014,60,85,56
USC00231189,CALIFORNIA, MO US,01/10/2014,64,85,60
USC00231189,CALIFORNIA, MO US,02/10/2014,63,85,63
USC00231189,CALIFORNIA, MO US,03/10/2014,54,69,52
USC00231189,CALIFORNIA, MO US,04/10/2014,43,55,37
USC00231189,CALIFORNIA, MO US,05/10/2014,48,56,40
USC00231189,CALIFORNIA, MO US,06/10/2014,53,72,48
USC00231189,CALIFORNIA, MO US,07/10/2014,59,69,53
USC00231189,CALIFORNIA, MO US,08/10/2014,51,75,49
USC00231189,CALIFORNIA, MO US,09/10/2014,61,75,51
USC00231189,CALIFORNIA, MO US,10/10/2014,52,63,52
USC00231189,CALIFORNIA, MO US,11/10/2014,48,63,47
USC00231189,CALIFORNIA, MO US,12/10/2014,49,58,47
USC00231189,CALIFORNIA, MO US,13/10/2014,63,64,49
USC00231189,CALIFORNIA, MO US,14/10/2014,50,69,50
USC00231189,CALIFORNIA, MO US,15/10/2014,47,61,46
USC00231189,CALIFORNIA, MO US,16/10/2014,46,66,40
USC00231189,CALIFORNIA, MO US,17/10/2014,54,73,46
USC00231189,CALIFORNIA, MO US,18/10/2014,46,65,43
USC00231189,CALIFORNIA, MO US,19/10/2014,46,62,38
USC00231189,CALIFORNIA, MO US,20/10/2014,55,65,46
USC00231189,CALIFORNIA, MO US,21/10/2014,47,72,44
USC00231189,CALIFORNIA, MO US,22/10/2014,45,73,44
USC00231189,CALIFORNIA, MO US,23/10/2014,50,66,45
USC00231189,CALIFORNIA, MO US,24/10/2014,57,65,50
USC00231189,CALIFORNIA, MO US,25/10/2014,61,73,57
USC00231189,CALIFORNIA, MO US,26/10/2014,72,80,56
USC00231189,CALIFORNIA, MO US,27/10/2014,67,84,66
USC00231189,CALIFORNIA, MO US,28/10/2014,50,77,49
USC00231189,CALIFORNIA, MO US,29/10/2014,40,63,39
USC00231189,CALIFORNIA, MO US,30/10/2014,41,58,38
USC00231189,CALIFORNIA, MO US,31/10/2014,37,61,37
USC00231189,CALIFORNIA, MO US,01/11/2014,25,44,24
USC00231189,CALIFORNIA, MO US,02/11/2014,41,47,25
USC00231189,CALIFORNIA, MO US,03/11/2014,48,59,41
USC00231189,CALIFORNIA, MO US,04/11/2014,47,69,47
USC00231189,CALIFORNIA, MO US,05/11/2014,40,47,37
USC00231189,CALIFORNIA, MO US,06/11/2014,44,62,40
USC00231189,CALIFORNIA, MO US,07/11/2014,34,50,27
USC00231189,CALIFORNIA, MO US,08/11/2014,47,59,33
USC00231189,CALIFORNIA, MO US,09/11/2014,57,57,30
USC00231189,CALIFORNIA, MO US,10/11/2014,51,63,30
USC00231189,CALIFORNIA, MO US,11/11/2014,30,74,28
USC00231189,CALIFORNIA, MO US,12/11/2014,24,31,23
USC00231189,CALIFORNIA, MO US,13/11/2014,19,29,16
USC00231189,CALIFORNIA, MO US,14/11/2014,19,29,14
USC00231189,CALIFORNIA, MO US,15/11/2014,21,31,19
USC00231189,CALIFORNIA, MO US,16/11/2014,28,33,21
USC00231189,CALIFORNIA, MO US,17/11/2014,20,30,17
USC00231189,CALIFORNIA, MO US,18/11/2014,13,23,9
USC00231189,CALIFORNIA, MO US,19/11/2014,37,42,13
USC00231189,CALIFORNIA, MO US,20/11/2014,24,41,15
USC00231189,CALIFORNIA, MO US,21/11/2014,27,40,23
USC00231189,CALIFORNIA, MO US,22/11/2014,26,52,26
USC00231189,CALIFORNIA, MO US,23/11/2014,53,59,26
USC00231189,CALIFORNIA, MO US,24/11/2014,33,54,32
USC00231189,CALIFORNIA, MO US,25/11/2014,25,40,23
USC00231189,CALIFORNIA, MO US,26/11/2014,32,40,25
USC00231189,CALIFORNIA, MO US,27/11/2014,26,42,26
USC00231189,CALIFORNIA, MO US,28/11/2014,44,44,26
USC00231189,CALIFORNIA, MO US,29/11/2014,45,68,29
USC00231189,CALIFORNIA, MO US,30/11/2014,47,64,45
USC00231189,CALIFORNIA, MO US,01/12/2014,20,48,18
USC00231189,CALIFORNIA, MO US,02/12/2014,24,29,20
USC00231189,CALIFORNIA, MO US,03/12/2014,30,33,23
USC00231189,CALIFORNIA, MO US,04/12/2014,32,45,30
USC00231189,CALIFORNIA, MO US,05/12/2014,41,42,31
USC00231189,CALIFORNIA, MO US,06/12/2014,35,45,35
USC00231189,CALIFORNIA, MO US,07/12/2014,35,35,31
USC00231189,CALIFORNIA, MO US,08/12/2014,42,42,35
USC00231189,CALIFORNIA, MO US,09/12/2014,31,51,31
USC00231189,CALIFORNIA, MO US,10/12/2014,32,33,30
USC00231189,CALIFORNIA, MO US,11/12/2014,32,35,31
USC00231189,CALIFORNIA, MO US,12/12/2014,39,39,31
USC00231189,CALIFORNIA, MO US,13/12/2014,45,55,36
USC00231189,CALIFORNIA, MO US,14/12/2014,47,51,45
USC00231189,CALIFORNIA, MO US,15/12/2014,50,63,47
USC00231189,CALIFORNIA, MO US,16/12/2014,30,58,30
USC00231189,CALIFORNIA, MO US,17/12/2014,24,31,22
USC00231189,CALIFORNIA, MO US,18/12/2014,28,32,24
USC00231189,CALIFORNIA, MO US,19/12/2014,32,32,28
USC00231189,CALIFORNIA, MO US,20/12/2014,37,37,32
USC00231189,CALIFORNIA, MO US,21/12/2014,40,40,37
USC00231189,CALIFORNIA, MO US,22/12/2014,40,43,38
USC00231189,CALIFORNIA, MO US,23/12/2014,35,46,33
USC00231189,CALIFORNIA, MO US,24/12/2014,35,47,34
USC00231189,CALIFORNIA, MO US,25/12/2014,36,37,27
USC00231189,CALIFORNIA, MO US,26/12/2014,42,53,36
USC00231189,CALIFORNIA, MO US,27/12/2014,36,60,36
USC00231189,CALIFORNIA, MO US,28/12/2014,23,36,22
USC00231189,CALIFORNIA, MO US,29/12/2014,22,38,20
USC00231189,CALIFORNIA, MO US,30/12/2014,18,40,18
USC00231189,CALIFORNIA, MO US,31/12/2014,9,25,8
USC00231189,CALIFORNIA, MO US,01/01/2015,20,25,9
USC00231189,CALIFORNIA, MO US,02/01/2015,31,36,20
USC00231189,CALIFORNIA, MO US,03/01/2015,38,38,30
USC00231189,CALIFORNIA, MO US,04/01/2015,15,38,12
USC00231189,CALIFORNIA, MO US,05/01/2015,10,19,8
USC00231189,CALIFORNIA, MO US,06/01/2015,21,31,9
USC00231189,CALIFORNIA, MO US,07/01/2015,8,24,8
USC00231189,CALIFORNIA, MO US,08/01/2015,4,11,-1
USC00231189,CALIFORNIA, MO US,09/01/2015,10,31,4
USC00231189,CALIFORNIA, MO US,10/01/2015,11,20,7
USC00231189,CALIFORNIA, MO US,11/01/2015,32,36,11
USC00231189,CALIFORNIA, MO US,12/01/2015,26,35,26
USC00231189,CALIFORNIA, MO US,13/01/2015,6,30,5
USC00231189,CALIFORNIA, MO US,14/01/2015,19,28,6
USC00231189,CALIFORNIA, MO US,15/01/2015,22,32,18
USC00231189,CALIFORNIA, MO US,16/01/2015,24,47,22
USC00231189,CALIFORNIA, MO US,17/01/2015,50,57,24
USC00231189,CALIFORNIA, MO US,18/01/2015,41,53,34
USC00231189,CALIFORNIA, MO US,19/01/2015,42,59,25
USC00231189,CALIFORNIA, MO US,20/01/2015,38,60,33
USC00231189,CALIFORNIA, MO US,21/01/2015,33,46,29
USC00231189,CALIFORNIA, MO US,22/01/2015,27,47,26
USC00231189,CALIFORNIA, MO US,23/01/2015,22,38,19
USC00231189,CALIFORNIA, MO US,24/01/2015,31,41,22
USC00231189,CALIFORNIA, MO US,25/01/2015,40,56,30
USC00231189,CALIFORNIA, MO US,26/01/2015,29,40,28
USC00231189,CALIFORNIA, MO US,27/01/2015,36,53,29
USC00231189,CALIFORNIA, MO US,28/01/2015,35,52,32
USC00231189,CALIFORNIA, MO US,29/01/2015,38,62,35
USC00231189,CALIFORNIA, MO US,30/01/2015,23,41,21
USC00231189,CALIFORNIA, MO US,31/01/2015,37,39,22
USC00231189,CALIFORNIA, MO US,01/02/2015,39,39,31
USC00231189,CALIFORNIA, MO US,02/02/2015,12,39,10
USC00231189,CALIFORNIA, MO US,03/02/2015,29,29,12
USC00231189,CALIFORNIA, MO US,04/02/2015,31,49,28
USC00231189,CALIFORNIA, MO US,05/02/2015,7,31,4
USC00231189,CALIFORNIA, MO US,06/02/2015,29,29,7
USC00231189,CALIFORNIA, MO US,07/02/2015,43,55,29
USC00231189,CALIFORNIA, MO US,08/02/2015,51,69,43
USC00231189,CALIFORNIA, MO US,09/02/2015,33,69,33
USC00231189,CALIFORNIA, MO US,10/02/2015,25,37,22
USC00231189,CALIFORNIA, MO US,11/02/2015,35,45,25
USC00231189,CALIFORNIA, MO US,12/02/2015,11,38,11
USC00231189,CALIFORNIA, MO US,13/02/2015,20,21,11
USC00231189,CALIFORNIA, MO US,14/02/2015,37,46,11
USC00231189,CALIFORNIA, MO US,15/02/2015,11,38,11
USC00231189,CALIFORNIA, MO US,16/02/2015,13,19,10
USC00231189,CALIFORNIA, MO US,17/02/2015,23,23,13
USC00231189,CALIFORNIA, MO US,18/02/2015,13,30,10
USC00231189,CALIFORNIA, MO US,19/02/2015,6,16,3
USC00231189,CALIFORNIA, MO US,20/02/2015,20,20,6
USC00231189,CALIFORNIA, MO US,21/02/2015,28,29,19
USC00231189,CALIFORNIA, MO US,22/02/2015,18,43,18
USC00231189,CALIFORNIA, MO US,23/02/2015,6,20,5
USC00231189,CALIFORNIA, MO US,24/02/2015,19,20,5
USC00231189,CALIFORNIA, MO US,25/02/2015,27,41,19
USC00231189,CALIFORNIA, MO US,26/02/2015,14,51,13
USC00231189,CALIFORNIA, MO US,27/02/2015,5,22,2
USC00231189,CALIFORNIA, MO US,28/02/2015,17,20,4
USC00231189,CALIFORNIA, MO US,01/03/2015,24,24,17
USC00231189,CALIFORNIA, MO US,02/03/2015,19,28,11
USC00231189,CALIFORNIA, MO US,06/03/2015,26,27,14
USC00231189,CALIFORNIA, MO US,09/03/2015,34,67,31
USC00231189,CALIFORNIA, MO US,10/03/2015,47,60,34
USC00231189,CALIFORNIA, MO US,11/03/2015,39,63,37
USC00231189,CALIFORNIA, MO US,12/03/2015,46,73,36
USC00231189,CALIFORNIA, MO US,13/03/2015,50,69,46
USC00231189,CALIFORNIA, MO US,16/03/2015,51,71,47
USC00231189,CALIFORNIA, MO US,17/03/2015,46,76,45
USC00231189,CALIFORNIA, MO US,18/03/2015,39,55,38
USC00231189,CALIFORNIA, MO US,19/03/2015,35,42,34
USC00231189,CALIFORNIA, MO US,20/03/2015,36,40,35
USC00231189,CALIFORNIA, MO US,23/03/2015,52,72,45
USC00231189,CALIFORNIA, MO US,24/03/2015,34,59,33
USC00231189,CALIFORNIA, MO US,25/03/2015,40,53,34
USC00231189,CALIFORNIA, MO US,26/03/2015,36,58,36
USC00231189,CALIFORNIA, MO US,27/03/2015,32,49,32
USC00231189,CALIFORNIA, MO US,30/03/2015,42,58,35
USC00231189,CALIFORNIA, MO US,31/03/2015,54,70,41
USC00231189,CALIFORNIA, MO US,01/04/2015,52,75,50
USC00231189,CALIFORNIA, MO US,02/04/2015,56,76,52
USC00231189,CALIFORNIA, MO US,03/04/2015,48,67,46
USC00231189,CALIFORNIA, MO US,04/04/2015,43,53,28
USC00231189,CALIFORNIA, MO US,05/04/2015,44,60,28
USC00231189,CALIFORNIA, MO US,06/04/2015,50,65,44
USC00231189,CALIFORNIA, MO US,07/04/2015,61,63,50
USC00231189,CALIFORNIA, MO US,08/04/2015,60,77,59
USC00231189,CALIFORNIA, MO US,09/04/2015,67,78,60
USC00231189,CALIFORNIA, MO US,10/04/2015,42,79,38
USC00231189,CALIFORNIA, MO US,11/04/2015,49,66,41
USC00231189,CALIFORNIA, MO US,12/04/2015,57,69,49
USC00231189,CALIFORNIA, MO US,13/04/2015,56,69,50
USC00231189,CALIFORNIA, MO US,14/04/2015,54,64,51
USC00231189,CALIFORNIA, MO US,15/04/2015,55,69,54
USC00231189,CALIFORNIA, MO US,16/04/2015,56,65,52
USC00231189,CALIFORNIA, MO US,17/04/2015,57,74,54
USC00231189,CALIFORNIA, MO US,18/04/2015,68,78,57
USC00231189,CALIFORNIA, MO US,19/04/2015,65,73,52
USC00231189,CALIFORNIA, MO US,20/04/2015,46,69,44
USC00231189,CALIFORNIA, MO US,21/04/2015,48,56,42
USC00231189,CALIFORNIA, MO US,22/04/2015,40,66,39
USC00231189,CALIFORNIA, MO US,23/04/2015,41,56,36
USC00231189,CALIFORNIA, MO US,24/04/2015,55,65,41
USC00231189,CALIFORNIA, MO US,25/04/2015,58,63,53
USC00231189,CALIFORNIA, MO US,26/04/2015,45,69,45
USC00231189,CALIFORNIA, MO US,28/04/2015,47,66,40
USC00231189,CALIFORNIA, MO US,29/04/2015,55,70,47
USC00231189,CALIFORNIA, MO US,30/04/2015,52,72,48
USC00231189,CALIFORNIA, MO US,01/05/2015,50,71,42
USC00231189,CALIFORNIA, MO US,02/05/2015,51,70,48
USC00231189,CALIFORNIA, MO US,03/05/2015,62,77,51
USC00231189,CALIFORNIA, MO US,04/05/2015,65,81,62
USC00231189,CALIFORNIA, MO US,05/05/2015,65,81,60
USC00231189,CALIFORNIA, MO US,06/05/2015,65,81,60
USC00231189,CALIFORNIA, MO US,07/05/2015,68,79,61
USC00231189,CALIFORNIA, MO US,08/05/2015,63,79,63
USC00231189,CALIFORNIA, MO US,09/05/2015,61,71,60
USC00231189,CALIFORNIA, MO US,10/05/2015,72,72,60
USC00231189,CALIFORNIA, MO US,11/05/2015,54,73,53
USC00231189,CALIFORNIA, MO US,12/05/2015,51,65,44
USC00231189,CALIFORNIA, MO US,13/05/2015,56,67,46
USC00231189,CALIFORNIA, MO US,14/05/2015,55,71,54
USC00231189,CALIFORNIA, MO US,15/05/2015,68,71,54
USC00231189,CALIFORNIA, MO US,16/05/2015,68,79,65
USC00231189,CALIFORNIA, MO US,17/05/2015,63,79,60
USC00231189,CALIFORNIA, MO US,18/05/2015,69,78,62
USC00231189,CALIFORNIA, MO US,19/05/2015,47,72,44
USC00231189,CALIFORNIA, MO US,20/05/2015,50,64,46
USC00231189,CALIFORNIA, MO US,21/05/2015,46,50,41
USC00231189,CALIFORNIA, MO US,22/05/2015,57,65,46
USC00231189,CALIFORNIA, MO US,23/05/2015,68,70,57
USC00231189,CALIFORNIA, MO US,24/05/2015,77,77,59
USC00231189,CALIFORNIA, MO US,25/05/2015,67,79,60
USC00231189,CALIFORNIA, MO US,26/05/2015,65,81,64
USC00231189,CALIFORNIA, MO US,27/05/2015,68,77,62
USC00231189,CALIFORNIA, MO US,28/05/2015,67,82,63
USC00231189,CALIFORNIA, MO US,29/05/2015,66,82,62
USC00231189,CALIFORNIA, MO US,30/05/2015,65,82,62
USC00231189,CALIFORNIA, MO US,31/05/2015,53,82,52
USC00231189,CALIFORNIA, MO US,01/06/2015,55,62,52
USC00231189,CALIFORNIA, MO US,02/06/2015,59,61,55
USC00231189,CALIFORNIA, MO US,03/06/2015,62,68,57
USC00231189,CALIFORNIA, MO US,04/06/2015,67,69,61
USC00231189,CALIFORNIA, MO US,05/06/2015,66,76,59
USC00231189,CALIFORNIA, MO US,06/06/2015,64,83,57
USC00231189,CALIFORNIA, MO US,07/06/2015,79,82,64
USC00231189,CALIFORNIA, MO US,08/06/2015,70,88,67
USC00231189,CALIFORNIA, MO US,09/06/2015,73,84,65
USC00231189,CALIFORNIA, MO US,10/06/2015,74,88,67
USC00231189,CALIFORNIA, MO US,11/06/2015,74,88.5,67.5
USC00231189,CALIFORNIA, MO US,12/06/2015,78,89,68
USC00231189,CALIFORNIA, MO US,13/06/2015,69,86,66
USC00231189,CALIFORNIA, MO US,14/06/2015,72,82,68
USC00231189,CALIFORNIA, MO US,15/06/2015,73,84,69
USC00231189,CALIFORNIA, MO US,16/06/2015,70,82,69
USC00231189,CALIFORNIA, MO US,17/06/2015,70,80,68
USC00231189,CALIFORNIA, MO US,18/06/2015,73,77,67
USC00231189,CALIFORNIA, MO US,19/06/2015,71,77,68
USC00231189,CALIFORNIA, MO US,20/06/2015,82,82,62
USC00231189,CALIFORNIA, MO US,21/06/2015,74,91,62
USC00231189,CALIFORNIA, MO US,22/06/2015,76,91,62
USC00231189,CALIFORNIA, MO US,23/06/2015,73,88,72
USC00231189,CALIFORNIA, MO US,24/06/2015,68,81,65
USC00231189,CALIFORNIA, MO US,25/06/2015,74,87,68
USC00231189,CALIFORNIA, MO US,26/06/2015,66,91,64
USC00231189,CALIFORNIA, MO US,27/06/2015,65,74,63
USC00231189,CALIFORNIA, MO US,28/06/2015,68,78,60
USC00231189,CALIFORNIA, MO US,29/06/2015,71,83,65
USC00231189,CALIFORNIA, MO US,30/06/2015,70,83,66
USC00231189,CALIFORNIA, MO US,01/07/2015,68,82,67
USC00231189,CALIFORNIA, MO US,02/07/2015,69,80,68
USC00231189,CALIFORNIA, MO US,03/07/2015,68,74,64
USC00231189,CALIFORNIA, MO US,04/07/2015,75,80,60
USC00231189,CALIFORNIA, MO US,05/07/2015,72,81,65
USC00231189,CALIFORNIA, MO US,06/07/2015,72,85,70
USC00231189,CALIFORNIA, MO US,07/07/2015,65,87,65
USC00231189,CALIFORNIA, MO US,08/07/2015,62,66,62
USC00231189,CALIFORNIA, MO US,09/07/2015,59,75,58
USC00231189,CALIFORNIA, MO US,10/07/2015,65,75,59
USC00231189,CALIFORNIA, MO US,11/07/2015,75,81,65
USC00231189,CALIFORNIA, MO US,12/07/2015,81,89,73
USC00231189,CALIFORNIA, MO US,13/07/2015,79,90,75
USC00231189,CALIFORNIA, MO US,14/07/2015,83,93,78
USC00231189,CALIFORNIA, MO US,15/07/2015,78,93,74
USC00231189,CALIFORNIA, MO US,16/07/2015,74,87,72
USC00231189,CALIFORNIA, MO US,17/07/2015,80,90,74
USC00231189,CALIFORNIA, MO US,18/07/2015,79,91,76
USC00231189,CALIFORNIA, MO US,19/07/2015,72,89,72
USC00231189,CALIFORNIA, MO US,20/07/2015,68,85,68
USC00231189,CALIFORNIA, MO US,21/07/2015,70,84,66
USC00231189,CALIFORNIA, MO US,22/07/2015,69,81,66
USC00231189,CALIFORNIA, MO US,23/07/2015,73,81,67
USC00231189,CALIFORNIA, MO US,24/07/2015,74,86,69
USC00231189,CALIFORNIA, MO US,25/07/2015,71,92,70
USC00231189,CALIFORNIA, MO US,26/07/2015,72,90,69
USC00231189,CALIFORNIA, MO US,27/07/2015,80,91,72
USC00231189,CALIFORNIA, MO US,28/07/2015,78,92,73
USC00231189,CALIFORNIA, MO US,29/07/2015,75,92,71
USC00231189,CALIFORNIA, MO US,30/07/2015,71,85,63
USC00231189,CALIFORNIA, MO US,31/07/2015,76,87,64
USC00231189,CALIFORNIA, MO US,01/08/2015,79,89,67
USC00231189,CALIFORNIA, MO US,02/08/2015,77,89,66
USC00231189,CALIFORNIA, MO US,03/08/2015,75,90,72
USC00231189,CALIFORNIA, MO US,04/08/2015,72,87,68
USC00231189,CALIFORNIA, MO US,05/08/2015,68,88,67
USC00231189,CALIFORNIA, MO US,06/08/2015,67,73,66
USC00231189,CALIFORNIA, MO US,07/08/2015,73,83,67
USC00231189,CALIFORNIA, MO US,08/08/2015,70,88,70
USC00231189,CALIFORNIA, MO US,09/08/2015,73,86,70
USC00231189,CALIFORNIA, MO US,10/08/2015,73,89,72
USC00231189,CALIFORNIA, MO US,11/08/2015,69,85,67
USC00231189,CALIFORNIA, MO US,12/08/2015,68,82,63
USC00231189,CALIFORNIA, MO US,13/08/2015,69,82,62
USC00231189,CALIFORNIA, MO US,14/08/2015,69,85,67
USC00231189,CALIFORNIA, MO US,15/08/2015,75,86,65
USC00231189,CALIFORNIA, MO US,16/08/2015,74,86,66
USC00231189,CALIFORNIA, MO US,17/08/2015,73,87,65
USC00231189,CALIFORNIA, MO US,18/08/2015,70,88,67
USC00231189,CALIFORNIA, MO US,19/08/2015,69,84,63
USC00231189,CALIFORNIA, MO US,20/08/2015,61,69,56
USC00231189,CALIFORNIA, MO US,21/08/2015,63,80,58
USC00231189,CALIFORNIA, MO US,22/08/2015,66,80,62
USC00231189,CALIFORNIA, MO US,23/08/2015,64,80,64
USC00231189,CALIFORNIA, MO US,24/08/2015,60,76,51
USC00231189,CALIFORNIA, MO US,25/08/2015,63,78,53
USC00231189,CALIFORNIA, MO US,26/08/2015,62,78,54
USC00231189,CALIFORNIA, MO US,27/08/2015,63,79,52
USC00231189,CALIFORNIA, MO US,28/08/2015,62,78,56
USC00231189,CALIFORNIA, MO US,29/08/2015,66,77,62
USC00231189,CALIFORNIA, MO US,30/08/2015,67,81,65
USC00231189,CALIFORNIA, MO US,31/08/2015,71,86,65
USC00231189,CALIFORNIA, MO US,01/09/2015,72,89,67
USC00231189,CALIFORNIA, MO US,02/09/2015,70,89,68
USC00231189,CALIFORNIA, MO US,03/09/2015,72,87,70
USC00231189,CALIFORNIA, MO US,04/09/2015,72,90,69
USC00231189,CALIFORNIA, MO US,05/09/2015,76,91,69
USC00231189,CALIFORNIA, MO US,06/09/2015,72,91,69
USC00231189,CALIFORNIA, MO US,07/09/2015,74,92,71
USC00231189,CALIFORNIA, MO US,08/09/2015,74,78,72
USC00231189,CALIFORNIA, MO US,09/09/2015,67,77,67
USC00231189,CALIFORNIA, MO US,10/09/2015,70,84,64
USC00231189,CALIFORNIA, MO US,11/09/2015,63,87,62
USC00231189,CALIFORNIA, MO US,12/09/2015,50,72,49
USC00231189,CALIFORNIA, MO US,13/09/2015,50,72,45
USC00231189,CALIFORNIA, MO US,14/09/2015,61,73,50
USC00231189,CALIFORNIA, MO US,15/09/2015,61,82,57
USC00231189,CALIFORNIA, MO US,16/09/2015,66,82,61
USC00231189,CALIFORNIA, MO US,17/09/2015,71,86,65
USC00231189,CALIFORNIA, MO US,18/09/2015,72,89,69
USC00231189,CALIFORNIA, MO US,19/09/2015,57,82,56
USC00231189,CALIFORNIA, MO US,20/09/2015,54,72,50
USC00231189,CALIFORNIA, MO US,21/09/2015,54,73,49
USC00231189,CALIFORNIA, MO US,22/09/2015,61,75,50
USC00231189,CALIFORNIA, MO US,23/09/2015,64,84,54
USC00231189,CALIFORNIA, MO US,24/09/2015,64,84,59
USC00231189,CALIFORNIA, MO US,25/09/2015,64,83,58
USC00231189,CALIFORNIA, MO US,26/09/2015,57,83,55
USC00231189,CALIFORNIA, MO US,27/09/2015,66,81,57
USC00231189,CALIFORNIA, MO US,28/09/2015,63,74,60
USC00231189,CALIFORNIA, MO US,29/09/2015,63,81,60
USC00231189,CALIFORNIA, MO US,30/09/2015,54,81,54
USC00231189,CALIFORNIA, MO US,01/10/2015,44,70,42
USC00231189,CALIFORNIA, MO US,02/10/2015,43,66,42
USC00231189,CALIFORNIA, MO US,03/10/2015,43,64,42
USC00231189,CALIFORNIA, MO US,04/10/2015,49,65,43
USC00231189,CALIFORNIA, MO US,05/10/2015,52,59,49
USC00231189,CALIFORNIA, MO US,06/10/2015,55,64,51
USC00231189,CALIFORNIA, MO US,07/10/2015,61,71,52
USC00231189,CALIFORNIA, MO US,08/10/2015,59,77,57
USC00231189,CALIFORNIA, MO US,09/10/2015,55,83,55
USC00231189,CALIFORNIA, MO US,12/10/2015,64,81.5,51.5
USC00231189,CALIFORNIA, MO US,13/10/2015,50,80,48
USC00231189,CALIFORNIA, MO US,14/10/2015,54,72,47
USC00231189,CALIFORNIA, MO US,15/10/2015,51,75,48
USC00231189,CALIFORNIA, MO US,16/10/2015,44,78,42
USC00231189,CALIFORNIA, MO US,17/10/2015,40,62,36
USC00231189,CALIFORNIA, MO US,18/10/2015,46,58,40
USC00231189,CALIFORNIA, MO US,19/10/2015,49,67,46
USC00231189,CALIFORNIA, MO US,20/10/2015,56,79,49
USC00231189,CALIFORNIA, MO US,21/10/2015,57,81,55
USC00231189,CALIFORNIA, MO US,22/10/2015,57,83,56
USC00231189,CALIFORNIA, MO US,23/10/2015,60,80,57
USC00231189,CALIFORNIA, MO US,24/10/2015,56,71,56
USC00231189,CALIFORNIA, MO US,25/10/2015,51,59,50
USC00231189,CALIFORNIA, MO US,26/10/2015,41,64,38
USC00231189,CALIFORNIA, MO US,27/10/2015,54,67,41
USC00231189,CALIFORNIA, MO US,28/10/2015,52,56,52
USC00231189,CALIFORNIA, MO US,29/10/2015,36,60,34
USC00231189,CALIFORNIA, MO US,30/10/2015,37,55,32
USC00231189,CALIFORNIA, MO US,31/10/2015,52,53,36
USC00231189,CALIFORNIA, MO US,01/11/2015,45,56,39
USC00231189,CALIFORNIA, MO US,02/11/2015,50,72,41
USC00231189,CALIFORNIA, MO US,03/11/2015,48,72,42
USC00231189,CALIFORNIA, MO US,04/11/2015,56,74,48
USC00231189,CALIFORNIA, MO US,05/11/2015,58,64,55
USC00231189,CALIFORNIA, MO US,06/11/2015,45,67,40
USC00231189,CALIFORNIA, MO US,07/11/2015,44,60,37
USC00231189,CALIFORNIA, MO US,08/11/2015,39,57,31
USC00231189,CALIFORNIA, MO US,09/11/2015,42,57,31
USC00231189,CALIFORNIA, MO US,10/11/2015,41,59,34
USC00231189,CALIFORNIA, MO US,11/11/2015,55,69,35
USC00231189,CALIFORNIA, MO US,13/11/2015,43,59,36
USC00231189,CALIFORNIA, MO US,14/11/2015,58,59,37
USC00231189,CALIFORNIA, MO US,15/11/2015,46,67,39
USC00231189,CALIFORNIA, MO US,16/11/2015,45,62,45
USC00231189,CALIFORNIA, MO US,17/11/2015,61,61,45
USC00231189,CALIFORNIA, MO US,18/11/2015,47,61,46
USC00231189,CALIFORNIA, MO US,19/11/2015,41,49,38
USC00231189,CALIFORNIA, MO US,20/11/2015,41,51,29
USC00231189,CALIFORNIA, MO US,21/11/2015,33,41,23
USC00231189,CALIFORNIA, MO US,23/11/2015,39,46,29.5
USC00231189,CALIFORNIA, MO US,24/11/2015,42,61,36
USC00231189,CALIFORNIA, MO US,25/11/2015,49,64,42
USC00231189,CALIFORNIA, MO US,26/11/2015,60,60,49
USC00231189,CALIFORNIA, MO US,27/11/2015,35,69,34
USC00231189,CALIFORNIA, MO US,28/11/2015,32,37,32
USC00231189,CALIFORNIA, MO US,29/11/2015,35,37,32
USC00231189,CALIFORNIA, MO US,30/11/2015,37,37,35
USC00231189,CALIFORNIA, MO US,01/12/2015,33,45,30
USC00231189,CALIFORNIA, MO US,02/12/2015,33,48,30
USC00231189,CALIFORNIA, MO US,03/12/2015,26,40,25
USC00231189,CALIFORNIA, MO US,04/12/2015,30,47,26
USC00231189,CALIFORNIA, MO US,05/12/2015,36,52,28
USC00231189,CALIFORNIA, MO US,06/12/2015,42,56,35
USC00231189,CALIFORNIA, MO US,07/12/2015,34,53,34
USC00231189,CALIFORNIA, MO US,08/12/2015,41,49,34
USC00231189,CALIFORNIA, MO US,09/12/2015,40,62,39
USC00231189,CALIFORNIA, MO US,10/12/2015,50,58,40
USC00231189,CALIFORNIA, MO US,11/12/2015,42,65,35
USC00231189,CALIFORNIA, MO US,12/12/2015,52,64,42
USC00231189,CALIFORNIA, MO US,13/12/2015,52,64,42
USC00231189,CALIFORNIA, MO US,14/12/2015,41,52,37
USC00231189,CALIFORNIA, MO US,15/12/2015,40,45,37
USC00231189,CALIFORNIA, MO US,16/12/2015,40,56,40
USC00231189,CALIFORNIA, MO US,17/12/2015,31,42,27
USC00231189,CALIFORNIA, MO US,18/12/2015,23,34,22
USC00231189,CALIFORNIA, MO US,19/12/2015,30,40,23
USC00231189,CALIFORNIA, MO US,20/12/2015,45,50,30
USC00231189,CALIFORNIA, MO US,21/12/2015,55,55,45
USC00231189,CALIFORNIA, MO US,22/12/2015,35,57,33
USC00231189,CALIFORNIA, MO US,23/12/2015,56,56,35
USC00231189,CALIFORNIA, MO US,24/12/2015,36,67,29
USC00231189,CALIFORNIA, MO US,25/12/2015,28,47,26
USC00231189,CALIFORNIA, MO US,26/12/2015,44,45,28
USC00231189,CALIFORNIA, MO US,27/12/2015,34,47,34
USC00231189,CALIFORNIA, MO US,28/12/2015,34,36,33
USC00231189,CALIFORNIA, MO US,29/12/2015,25,37,25
USC00231189,CALIFORNIA, MO US,30/12/2015,25,27,25
USC00231189,CALIFORNIA, MO US,31/12/2015,26,31,25
USC00231189,CALIFORNIA, MO US,01/01/2016,28,37,22
USC00231189,CALIFORNIA, MO US,02/01/2016,29,40,25
USC00231189,CALIFORNIA, MO US,03/01/2016,26,45,24
USC00231189,CALIFORNIA, MO US,04/01/2016,25,36,22
USC00231189,CALIFORNIA, MO US,05/01/2016,21,35,19
USC00231189,CALIFORNIA, MO US,06/01/2016,30,40,21
USC00231189,CALIFORNIA, MO US,07/01/2016,40,42,30
USC00231189,CALIFORNIA, MO US,08/01/2016,44,44,40
USC00231189,CALIFORNIA, MO US,09/01/2016,28,48,28
USC00231189,CALIFORNIA, MO US,10/01/2016,4,28,2
USC00231189,CALIFORNIA, MO US,11/01/2016,19,20,4
USC00231189,CALIFORNIA, MO US,12/01/2016,23,38,8.5
USC00231189,CALIFORNIA, MO US,13/01/2016,24,26,13
USC00231189,CALIFORNIA, MO US,14/01/2016,39,49,24
USC00231189,CALIFORNIA, MO US,15/01/2016,36,62,36
USC00231189,CALIFORNIA, MO US,16/01/2016,18,39,18
USC00231189,CALIFORNIA, MO US,17/01/2016,9,32,9
USC00231189,CALIFORNIA, MO US,18/01/2016,8,10,0
USC00231189,CALIFORNIA, MO US,19/01/2016,20,22,7
USC00231189,CALIFORNIA, MO US,20/01/2016,18,21,16
USC00231189,CALIFORNIA, MO US,21/01/2016,20,29,18
USC00231189,CALIFORNIA, MO US,22/01/2016,21,27,20
USC00231189,CALIFORNIA, MO US,23/01/2016,18,26,17
USC00231189,CALIFORNIA, MO US,24/01/2016,25,32,16
USC00231189,CALIFORNIA, MO US,25/01/2016,37,54,25
USC00231189,CALIFORNIA, MO US,26/01/2016,30,54,28
USC00231189,CALIFORNIA, MO US,27/01/2016,22,33,17
USC00231189,CALIFORNIA, MO US,28/01/2016,37,45,22
USC00231189,CALIFORNIA, MO US,29/01/2016,28,52,23
USC00231189,CALIFORNIA, MO US,30/01/2016,38,59,28
USC00231189,CALIFORNIA, MO US,31/01/2016,51,63,38
USC00231189,CALIFORNIA, MO US,01/02/2016,37,60,36
USC00231189,CALIFORNIA, MO US,02/02/2016,49,53,37
USC00231189,CALIFORNIA, MO US,03/02/2016,31,63,30
USC00231189,CALIFORNIA, MO US,04/02/2016,22,31,17
USC00231189,CALIFORNIA, MO US,05/02/2016,26,43,21
USC00231189,CALIFORNIA, MO US,06/02/2016,34,43,26
USC00231189,CALIFORNIA, MO US,07/02/2016,40,53,34
USC00231189,CALIFORNIA, MO US,08/02/2016,25,52,24
USC00231189,CALIFORNIA, MO US,09/02/2016,17,27,16
USC00231189,CALIFORNIA, MO US,10/02/2016,18,27,14
USC00231189,CALIFORNIA, MO US,11/02/2016,22,31,17
USC00231189,CALIFORNIA, MO US,12/02/2016,26,36,22
USC00231189,CALIFORNIA, MO US,13/02/2016,12,36,12
USC00231189,CALIFORNIA, MO US,14/02/2016,24,24,12
USC00231189,CALIFORNIA, MO US,15/02/2016,33,33,23
USC00231189,CALIFORNIA, MO US,16/02/2016,37,43,29
USC00231189,CALIFORNIA, MO US,17/02/2016,31,41,26
USC00231189,CALIFORNIA, MO US,18/02/2016,43,53,31
USC00231189,CALIFORNIA, MO US,19/02/2016,65,69,43
USC00231189,CALIFORNIA, MO US,20/02/2016,50,70,40
USC00231189,CALIFORNIA, MO US,21/02/2016,39,74,37
USC00231189,CALIFORNIA, MO US,22/02/2016,32,54,27
USC00231189,CALIFORNIA, MO US,23/02/2016,33,51,30
USC00231189,CALIFORNIA, MO US,24/02/2016,38,44,33
USC00231189,CALIFORNIA, MO US,25/02/2016,30,41,28
USC00231189,CALIFORNIA, MO US,26/02/2016,32,43,29
USC00231189,CALIFORNIA, MO US,27/02/2016,31,47,30
USC00231189,CALIFORNIA, MO US,28/02/2016,69,70,31
USC00231189,CALIFORNIA, MO US,29/02/2016,40,69,29
USC00231189,CALIFORNIA, MO US,01/03/2016,33,68,32
USC00231189,CALIFORNIA, MO US,02/03/2016,24,40,23
USC00231189,CALIFORNIA, MO US,03/03/2016,42,47,24
USC00231189,CALIFORNIA, MO US,04/03/2016,37,53,34
USC00231189,CALIFORNIA, MO US,05/03/2016,40,55,35
USC00231189,CALIFORNIA, MO US,06/03/2016,42,61,33
USC00231189,CALIFORNIA, MO US,07/03/2016,61,69,42
USC00231189,CALIFORNIA, MO US,08/03/2016,61,73,59
USC00231189,CALIFORNIA, MO US,09/03/2016,54,74,50
USC00231189,CALIFORNIA, MO US,10/03/2016,47,60,47
USC00231189,CALIFORNIA, MO US,11/03/2016,47,57,40
USC00231189,CALIFORNIA, MO US,12/03/2016,50,63,46
USC00231189,CALIFORNIA, MO US,13/03/2016,55,57,49
USC00231189,CALIFORNIA, MO US,14/03/2016,50,65,50
USC00231189,CALIFORNIA, MO US,15/03/2016,57,71,50
USC00231189,CALIFORNIA, MO US,16/03/2016,43,77,42
USC00231189,CALIFORNIA, MO US,17/03/2016,41,60,37
USC00231189,CALIFORNIA, MO US,18/03/2016,45,61,41
USC00231189,CALIFORNIA, MO US,19/03/2016,31,46,30
USC00231189,CALIFORNIA, MO US,20/03/2016,32,43,29
USC00231189,CALIFORNIA, MO US,21/03/2016,31,45,27
USC00231189,CALIFORNIA, MO US,22/03/2016,49,59,31
USC00231189,CALIFORNIA, MO US,23/03/2016,56,75,49
USC00231189,CALIFORNIA, MO US,24/03/2016,45,74,45
USC00231189,CALIFORNIA, MO US,25/03/2016,35,45,34
USC00231189,CALIFORNIA, MO US,26/03/2016,42,54,34
USC00231189,CALIFORNIA, MO US,27/03/2016,39,69,39
USC00231189,CALIFORNIA, MO US,28/03/2016,36,42,29
USC00231189,CALIFORNIA, MO US,29/03/2016,47,63,35
USC00231189,CALIFORNIA, MO US,30/03/2016,56,66,47
USC00231189,CALIFORNIA, MO US,31/03/2016,58,72,55
USC00231189,CALIFORNIA, MO US,01/04/2016,42,62,42
USC00231189,CALIFORNIA, MO US,02/04/2016,32,54,32
USC00231189,CALIFORNIA, MO US,03/04/2016,54,60,32
USC00231189,CALIFORNIA, MO US,04/04/2016,54,75,51
USC00231189,CALIFORNIA, MO US,05/04/2016,40,67,38
USC00231189,CALIFORNIA, MO US,06/04/2016,54,67,40
USC00231189,CALIFORNIA, MO US,07/04/2016,44,57,42
USC00231189,CALIFORNIA, MO US,08/04/2016,39,58,35
USC00231189,CALIFORNIA, MO US,09/04/2016,29,56,28
USC00231189,CALIFORNIA, MO US,10/04/2016,54,55,29
USC00231189,CALIFORNIA, MO US,11/04/2016,49,69,49
USC00231189,CALIFORNIA, MO US,12/04/2016,38,54,33
USC00231189,CALIFORNIA, MO US,13/04/2016,43,58,38
USC00231189,CALIFORNIA, MO US,14/04/2016,50,67,43
USC00231189,CALIFORNIA, MO US,15/04/2016,56,70,50
USC00231189,CALIFORNIA, MO US,16/04/2016,57,74,50
USC00231189,CALIFORNIA, MO US,17/04/2016,67,75,56
USC00231189,CALIFORNIA, MO US,18/04/2016,60,76,58
USC00231189,CALIFORNIA, MO US,19/04/2016,60,74,59
USC00231189,CALIFORNIA, MO US,20/04/2016,56,75,55
USC00231189,CALIFORNIA, MO US,21/04/2016,51,75,47
USC00231189,CALIFORNIA, MO US,22/04/2016,51,67,50
USC00231189,CALIFORNIA, MO US,23/04/2016,50,66,49
USC00231189,CALIFORNIA, MO US,24/04/2016,58,76,50
USC00231189,CALIFORNIA, MO US,28/04/2016,52,74,48
USC00231189,CALIFORNIA, MO US,30/04/2016,56,65,47
USC00231189,CALIFORNIA, MO US,01/05/2016,51,74,51
USC00231189,CALIFORNIA, MO US,02/05/2016,48,64,47
USC00231189,CALIFORNIA, MO US,03/05/2016,44,54,38
USC00231189,CALIFORNIA, MO US,04/05/2016,56,66,44
USC00231189,CALIFORNIA, MO US,06/05/2016,53,69,42
USC00231189,CALIFORNIA, MO US,07/05/2016,66,78,53
USC00231189,CALIFORNIA, MO US,08/05/2016,71,84,57
USC00231189,CALIFORNIA, MO US,09/05/2016,63,75,60
USC00231189,CALIFORNIA, MO US,10/05/2016,58,71,56
USC00231189,CALIFORNIA, MO US,11/05/2016,65,79,58
USC00231189,CALIFORNIA, MO US,12/05/2016,59,84,57
USC00231189,CALIFORNIA, MO US,13/05/2016,54,70,45
USC00231189,CALIFORNIA, MO US,15/05/2016,46,58,39
USC00231189,CALIFORNIA, MO US,16/05/2016,49,66,46
USC00231189,CALIFORNIA, MO US,17/05/2016,49,49,46
USC00231189,CALIFORNIA, MO US,18/05/2016,51,53,42
USC00231189,CALIFORNIA, MO US,19/05/2016,55,66,42
USC00231189,CALIFORNIA, MO US,20/05/2016,63,67,42
USC00231189,CALIFORNIA, MO US,21/05/2016,71,71,48
USC00231189,CALIFORNIA, MO US,23/05/2016,62,78,49
USC00231189,CALIFORNIA, MO US,24/05/2016,66,78,59
USC00231189,CALIFORNIA, MO US,25/05/2016,65,72,60
USC00231189,CALIFORNIA, MO US,26/05/2016,67,81,63
USC00231189,CALIFORNIA, MO US,27/05/2016,67,86,62
USC00231189,CALIFORNIA, MO US,28/05/2016,67,79,63
USC00231189,CALIFORNIA, MO US,29/05/2016,68,79,61
USC00231189,CALIFORNIA, MO US,30/05/2016,70,83,61
USC00231189,CALIFORNIA, MO US,31/05/2016,65,83,62
USC00231189,CALIFORNIA, MO US,01/06/2016,69,81,65
USC00231189,CALIFORNIA, MO US,02/06/2016,65,81,60
USC00231189,CALIFORNIA, MO US,03/06/2016,67,82,61
USC00231189,CALIFORNIA, MO US,04/06/2016,64,72,63
USC00231189,CALIFORNIA, MO US,06/06/2016,70,80,58
USC00231189,CALIFORNIA, MO US,07/06/2016,64,86,57
USC00231189,CALIFORNIA, MO US,08/06/2016,68,77,55
USC00231189,CALIFORNIA, MO US,09/06/2016,74,81,63
USC00231189,CALIFORNIA, MO US,10/06/2016,77,89,67
USC00231189,CALIFORNIA, MO US,11/06/2016,68,89,67
USC00231189,CALIFORNIA, MO US,12/06/2016,76,89,68
USC00231189,CALIFORNIA, MO US,13/06/2016,70,92,65
USC00231189,CALIFORNIA, MO US,14/06/2016,75,89,70
USC00231189,CALIFORNIA, MO US,15/06/2016,76,89,75
USC00231189,CALIFORNIA, MO US,16/06/2016,78,95,74
USC00231189,CALIFORNIA, MO US,17/06/2016,74,95,70
USC00231189,CALIFORNIA, MO US,18/06/2016,74,90,65
USC00231189,CALIFORNIA, MO US,19/06/2016,79,88,64
USC00231189,CALIFORNIA, MO US,20/06/2016,77,88,70
USC00231189,CALIFORNIA, MO US,21/06/2016,71,91,69
USC00231189,CALIFORNIA, MO US,22/06/2016,77,88,69
USC00231189,CALIFORNIA, MO US,23/06/2016,81,93,77
USC00231189,CALIFORNIA, MO US,24/06/2016,76,91,66
USC00231189,CALIFORNIA, MO US,27/06/2016,71,91,67
USC00231189,CALIFORNIA, MO US,28/06/2016,75,90,70
USC00231189,CALIFORNIA, MO US,29/06/2016,68,82,63
USC00231189,CALIFORNIA, MO US,30/06/2016,69,83,65
USC00231189,CALIFORNIA, MO US,01/07/2016,67,81,63
USC00231189,CALIFORNIA, MO US,02/07/2016,62,81,62
USC00231189,CALIFORNIA, MO US,03/07/2016,63,65,59
USC00231189,CALIFORNIA, MO US,04/07/2016,67,67,63
USC00231189,CALIFORNIA, MO US,05/07/2016,72,76,66
USC00231189,CALIFORNIA, MO US,06/07/2016,79,92,71
USC00231189,CALIFORNIA, MO US,08/07/2016,74,86,67
USC00231189,CALIFORNIA, MO US,09/07/2016,71,87,65
USC00231189,CALIFORNIA, MO US,10/07/2016,71,87,68
USC00231189,CALIFORNIA, MO US,11/07/2016,75,89,71
USC00231189,CALIFORNIA, MO US,12/07/2016,69,89,68
USC00231189,CALIFORNIA, MO US,13/07/2016,74,85,66
USC00231189,CALIFORNIA, MO US,14/07/2016,75,75,57
USC00231189,CALIFORNIA, MO US,15/07/2016,71,85,67
USC00231189,CALIFORNIA, MO US,16/07/2016,66,86,66
USC00231189,CALIFORNIA, MO US,17/07/2016,73,86,65
USC00231189,CALIFORNIA, MO US,18/07/2016,77,91,73
USC00231189,CALIFORNIA, MO US,19/07/2016,80,90,74
USC00231189,CALIFORNIA, MO US,20/07/2016,77,92,71
USC00231189,CALIFORNIA, MO US,21/07/2016,79,92,74
USC00231189,CALIFORNIA, MO US,22/07/2016,74,93,74
USC00231189,CALIFORNIA, MO US,23/07/2016,80,89,74
USC00231189,CALIFORNIA, MO US,24/07/2016,81,94,76
USC00231189,CALIFORNIA, MO US,25/07/2016,71,95,69
USC00231189,CALIFORNIA, MO US,26/07/2016,71,82,69
USC00231189,CALIFORNIA, MO US,27/07/2016,76,87,71
USC00231189,CALIFORNIA, MO US,28/07/2016,76,89,73
USC00231189,CALIFORNIA, MO US,29/07/2016,72,87,70
USC00231189,CALIFORNIA, MO US,30/07/2016,68,82,65
USC00231189,CALIFORNIA, MO US,31/07/2016,73,83,66
USC00231189,CALIFORNIA, MO US,01/08/2016,66,82,66
USC00231189,CALIFORNIA, MO US,02/08/2016,72,77,66
USC00231189,CALIFORNIA, MO US,03/08/2016,72,89,69
USC00231189,CALIFORNIA, MO US,04/08/2016,76,88,72
USC00231189,CALIFORNIA, MO US,05/08/2016,72,94,71
USC00231189,CALIFORNIA, MO US,06/08/2016,78,87,70
USC00231189,CALIFORNIA, MO US,07/08/2016,78,82,64
USC00231189,CALIFORNIA, MO US,08/08/2016,70,81,69
USC00231189,CALIFORNIA, MO US,09/08/2016,73,80,69
USC00231189,CALIFORNIA, MO US,10/08/2016,77,90,73
USC00231189,CALIFORNIA, MO US,11/08/2016,78,91,74
USC00231189,CALIFORNIA, MO US,12/08/2016,78,93,76
USC00231189,CALIFORNIA, MO US,13/08/2016,69,89,69
USC00231189,CALIFORNIA, MO US,14/08/2016,73,83,64
USC00231189,CALIFORNIA, MO US,15/08/2016,67,79,64
USC00231189,CALIFORNIA, MO US,16/08/2016,68,74,65
USC00231189,CALIFORNIA, MO US,17/08/2016,70,84,65
USC00231189,CALIFORNIA, MO US,18/08/2016,72,85,68
USC00231189,CALIFORNIA, MO US,19/08/2016,69,87,67
USC00231189,CALIFORNIA, MO US,20/08/2016,66,85,66
USC00231189,CALIFORNIA, MO US,21/08/2016,61,77,57
USC00231189,CALIFORNIA, MO US,22/08/2016,63,78,57
USC00231189,CALIFORNIA, MO US,23/08/2016,67,81,61
USC00231189,CALIFORNIA, MO US,24/08/2016,76,77,67
USC00231189,CALIFORNIA, MO US,25/08/2016,72,89,68
USC00231189,CALIFORNIA, MO US,26/08/2016,70,87,70
USC00231189,CALIFORNIA, MO US,27/08/2016,72,80,69
USC00231189,CALIFORNIA, MO US,28/08/2016,78,86,71
USC00231189,CALIFORNIA, MO US,29/08/2016,75,89,70
USC00231189,CALIFORNIA, MO US,30/08/2016,74,89,71
USC00231189,CALIFORNIA, MO US,31/08/2016,70,85,69
USC00231189,CALIFORNIA, MO US,01/09/2016,62,79,60
USC00231189,CALIFORNIA, MO US,02/09/2016,60,77,57
USC00231189,CALIFORNIA, MO US,03/09/2016,60,77,58
USC00231189,CALIFORNIA, MO US,04/09/2016,63,78,57
USC00231189,CALIFORNIA, MO US,05/09/2016,66,82,63
USC00231189,CALIFORNIA, MO US,06/09/2016,75,89,66
USC00231189,CALIFORNIA, MO US,07/09/2016,74,90,72
USC00231189,CALIFORNIA, MO US,08/09/2016,73,90,73
USC00231189,CALIFORNIA, MO US,09/09/2016,70,74,69
USC00231189,CALIFORNIA, MO US,10/09/2016,62,83,62
USC00231189,CALIFORNIA, MO US,11/09/2016,51,73,51
USC00231189,CALIFORNIA, MO US,12/09/2016,59,75,51
USC00231189,CALIFORNIA, MO US,13/09/2016,65,82,59
USC00231189,CALIFORNIA, MO US,14/09/2016,67,84,65
USC00231189,CALIFORNIA, MO US,15/09/2016,67,80,65
USC00231189,CALIFORNIA, MO US,16/09/2016,69,86,67
USC00231189,CALIFORNIA, MO US,17/09/2016,72,75,66
USC00231189,CALIFORNIA, MO US,19/09/2016,64,80.5,65
USC00231189,CALIFORNIA, MO US,20/09/2016,70,86,64
USC00231189,CALIFORNIA, MO US,21/09/2016,71,91,69
USC00231189,CALIFORNIA, MO US,22/09/2016,67,87,64
USC00231189,CALIFORNIA, MO US,23/09/2016,67,86,64
USC00231189,CALIFORNIA, MO US,24/09/2016,78,86,65
USC00231189,CALIFORNIA, MO US,25/09/2016,78,86,67
USC00231189,CALIFORNIA, MO US,26/09/2016,55,81,54
USC00231189,CALIFORNIA, MO US,27/09/2016,55,72,49
USC00231189,CALIFORNIA, MO US,28/09/2016,56,79,55
USC00231189,CALIFORNIA, MO US,29/09/2016,50,67,48
USC00231189,CALIFORNIA, MO US,30/09/2016,54,73,50
USC00231189,CALIFORNIA, MO US,01/10/2016,57,72,54
USC00231189,CALIFORNIA, MO US,02/10/2016,60,71,55
USC00231189,CALIFORNIA, MO US,03/10/2016,56,68,52
USC00231189,CALIFORNIA, MO US,04/10/2016,58,75,56
USC00231189,CALIFORNIA, MO US,05/10/2016,60,80,58
USC00231189,CALIFORNIA, MO US,06/10/2016,69,79,60
USC00231189,CALIFORNIA, MO US,07/10/2016,50,76,50
USC00231189,CALIFORNIA, MO US,08/10/2016,52,61,40
USC00231189,CALIFORNIA, MO US,09/10/2016,53,69,44
USC00231189,CALIFORNIA, MO US,10/10/2016,53,72,49
USC00231189,CALIFORNIA, MO US,11/10/2016,55,72,53
USC00231189,CALIFORNIA, MO US,12/10/2016,66,78,55
USC00231189,CALIFORNIA, MO US,13/10/2016,38,66,37
USC00231189,CALIFORNIA, MO US,14/10/2016,50,59,38
USC00231189,CALIFORNIA, MO US,15/10/2016,62,70,50
USC00231189,CALIFORNIA, MO US,16/10/2016,68,80,62
USC00231189,CALIFORNIA, MO US,17/10/2016,70,85,67
USC00231189,CALIFORNIA, MO US,18/10/2016,70,87,69
USC00231189,CALIFORNIA, MO US,19/10/2016,61,80,59
USC00231189,CALIFORNIA, MO US,20/10/2016,50,64,50
USC00231189,CALIFORNIA, MO US,21/10/2016,38,58,37
USC00231189,CALIFORNIA, MO US,22/10/2016,44,60,38
USC00231189,CALIFORNIA, MO US,23/10/2016,55,71,44
USC00231189,CALIFORNIA, MO US,24/10/2016,46,76,44
USC00231189,CALIFORNIA, MO US,25/10/2016,51,67,46
USC00231189,CALIFORNIA, MO US,26/10/2016,57,71,51
USC00231189,CALIFORNIA, MO US,27/10/2016,52,68,49
USC00231189,CALIFORNIA, MO US,28/10/2016,56,67,52
USC00231189,CALIFORNIA, MO US,29/10/2016,67,81,56
USC00231189,CALIFORNIA, MO US,30/10/2016,62,82,61
USC00231189,CALIFORNIA, MO US,31/10/2016,54,63,49
USC00231189,CALIFORNIA, MO US,01/11/2016,59,78,53
USC00231189,CALIFORNIA, MO US,02/11/2016,67,81,59
USC00231189,CALIFORNIA, MO US,03/11/2016,61,80,60
USC00231189,CALIFORNIA, MO US,04/11/2016,48,65,47
USC00231189,CALIFORNIA, MO US,05/11/2016,56,70,43
USC00231189,CALIFORNIA, MO US,06/11/2016,58,66,38
USC00231189,CALIFORNIA, MO US,07/11/2016,51,64,47
USC00231189,CALIFORNIA, MO US,08/11/2016,55,62,51
USC00231189,CALIFORNIA, MO US,09/11/2016,41,64,37
USC00231189,CALIFORNIA, MO US,10/11/2016,40,60,33
USC00231189,CALIFORNIA, MO US,11/11/2016,50,64,40
USC00231189,CALIFORNIA, MO US,12/11/2016,41,60,33
USC00231189,CALIFORNIA, MO US,13/11/2016,40,60,31
USC00231189,CALIFORNIA, MO US,14/11/2016,46,61,40
USC00231189,CALIFORNIA, MO US,15/11/2016,50,68,37
USC00231189,CALIFORNIA, MO US,16/11/2016,50,68,37
USC00231189,CALIFORNIA, MO US,17/11/2016,64,73,50
USC00231189,CALIFORNIA, MO US,18/11/2016,56,78,56
USC00231189,CALIFORNIA, MO US,19/11/2016,41,56,25
USC00231189,CALIFORNIA, MO US,20/11/2016,31,46,28
USC00231189,CALIFORNIA, MO US,21/11/2016,41,54,31
USC00231189,CALIFORNIA, MO US,22/11/2016,51,51,39
USC00231189,CALIFORNIA, MO US,23/11/2016,50,51,41
USC00231189,CALIFORNIA, MO US,24/11/2016,51,53,39
USC00231189,CALIFORNIA, MO US,25/11/2016,40,51,35
USC00231189,CALIFORNIA, MO US,26/11/2016,28,43,25
USC00231189,CALIFORNIA, MO US,27/11/2016,42,52,28
USC00231189,CALIFORNIA, MO US,28/11/2016,53,53,42
USC00231189,CALIFORNIA, MO US,29/11/2016,42,57,40
USC00231189,CALIFORNIA, MO US,30/11/2016,31,61,28
USC00231189,CALIFORNIA, MO US,01/12/2016,28,39,28
USC00231189,CALIFORNIA, MO US,02/12/2016,29,44,23
USC00231189,CALIFORNIA, MO US,03/12/2016,37,49,29
USC00231189,CALIFORNIA, MO US,04/12/2016,35,49,35
USC00231189,CALIFORNIA, MO US,05/12/2016,28,41,26
USC00231189,CALIFORNIA, MO US,06/12/2016,33,45,27
USC00231189,CALIFORNIA, MO US,07/12/2016,29,45,27
USC00231189,CALIFORNIA, MO US,08/12/2016,16,34,15
USC00231189,CALIFORNIA, MO US,09/12/2016,14,26,11
USC00231189,CALIFORNIA, MO US,10/12/2016,25,29,13
USC00231189,CALIFORNIA, MO US,11/12/2016,42,42,24
USC00231189,CALIFORNIA, MO US,12/12/2016,19,45,19
USC00231189,CALIFORNIA, MO US,13/12/2016,31,34,19
USC00231189,CALIFORNIA, MO US,14/12/2016,15,31,13
USC00231189,CALIFORNIA, MO US,15/12/2016,15,27,15
USC00231189,CALIFORNIA, MO US,16/12/2016,23,27,15
USC00231189,CALIFORNIA, MO US,17/12/2016,26,35,23
USC00231189,CALIFORNIA, MO US,19/12/2016,-2,6,-6
USC00231189,CALIFORNIA, MO US,20/12/2016,21,24,-2
USC00231189,CALIFORNIA, MO US,21/12/2016,26,42,21
USC00231189,CALIFORNIA, MO US,22/12/2016,27,48,25
USC00231189,CALIFORNIA, MO US,23/12/2016,35,42,27
USC00231189,CALIFORNIA, MO US,24/12/2016,38,42,27
USC00231189,CALIFORNIA, MO US,25/12/2016,43,43,38
USC00231189,CALIFORNIA, MO US,26/12/2016,51,67,43
USC00231189,CALIFORNIA, MO US,27/12/2016,28,53,25
USC00231189,CALIFORNIA, MO US,28/12/2016,37,48,28
USC00231189,CALIFORNIA, MO US,29/12/2016,36,56,34
USC00231189,CALIFORNIA, MO US,30/12/2016,25,47,24
USC00231189,CALIFORNIA, MO US,31/12/2016,46,54,25
USC00231189,CALIFORNIA, MO US,01/01/2017,31,49,21
USC00231189,CALIFORNIA, MO US,02/01/2017,42,46,31
USC00231189,CALIFORNIA, MO US,03/01/2017,37,45,37
USC00231189,CALIFORNIA, MO US,04/01/2017,12,37,11
USC00231189,CALIFORNIA, MO US,05/01/2017,13,22,12
USC00231189,CALIFORNIA, MO US,06/01/2017,1,14,1
USC00231189,CALIFORNIA, MO US,07/01/2017,13,13,-1
USC00231189,CALIFORNIA, MO US,08/01/2017,16,31,7
USC00231189,CALIFORNIA, MO US,09/01/2017,22,28,16
USC00231189,CALIFORNIA, MO US,10/01/2017,56,56,22
USC00231189,CALIFORNIA, MO US,11/01/2017,57,64,39
USC00231189,CALIFORNIA, MO US,12/01/2017,22,72,21
USC00231189,CALIFORNIA, MO US,13/01/2017,22,29,21
USC00231189,CALIFORNIA, MO US,14/01/2017,28,28,22
USC00231189,CALIFORNIA, MO US,15/01/2017,31,31,27
USC00231189,CALIFORNIA, MO US,16/01/2017,43,43,30
USC00231189,CALIFORNIA, MO US,17/01/2017,36,58,36
USC00231189,CALIFORNIA, MO US,18/01/2017,35,38,34
USC00231189,CALIFORNIA, MO US,19/01/2017,42,50,35
USC00231189,CALIFORNIA, MO US,20/01/2017,47,47,42
USC00231189,CALIFORNIA, MO US,21/01/2017,48,55,43
USC00231189,CALIFORNIA, MO US,22/01/2017,43,62,42
USC00231189,CALIFORNIA, MO US,23/01/2017,36,46,35
USC00231189,CALIFORNIA, MO US,24/01/2017,31,39,26
USC00231189,CALIFORNIA, MO US,25/01/2017,38,54,31
USC00231189,CALIFORNIA, MO US,26/01/2017,28,41,23
USC00231189,CALIFORNIA, MO US,27/01/2017,25,29,22
USC00231189,CALIFORNIA, MO US,28/01/2017,27,39,18
USC00231189,CALIFORNIA, MO US,29/01/2017,38,45,25
USC00231189,CALIFORNIA, MO US,30/01/2017,29,46,25
USC00231189,CALIFORNIA, MO US,31/01/2017,39,60,29
USC00231189,CALIFORNIA, MO US,01/02/2017,36,50,36
USC00231189,CALIFORNIA, MO US,02/02/2017,22,42,20
USC00231189,CALIFORNIA, MO US,03/02/2017,22,33,22
USC00231189,CALIFORNIA, MO US,04/02/2017,22,33,19
USC00231189,CALIFORNIA, MO US,05/02/2017,35,39,22
USC00231189,CALIFORNIA, MO US,06/02/2017,43,55,29
USC00231189,CALIFORNIA, MO US,07/02/2017,49,64,42
USC00231189,CALIFORNIA, MO US,08/02/2017,29,51,29
USC00231189,CALIFORNIA, MO US,09/02/2017,16,32,15
USC00231189,CALIFORNIA, MO US,10/02/2017,39,39,16
USC00231189,CALIFORNIA, MO US,11/02/2017,50,69,16
USC00231189,CALIFORNIA, MO US,12/02/2017,40,75,40
USC00231189,CALIFORNIA, MO US,13/02/2017,29,52,25
USC00231189,CALIFORNIA, MO US,14/02/2017,38,49,29
USC00231189,CALIFORNIA, MO US,15/02/2017,30,52,28
USC00231189,CALIFORNIA, MO US,16/02/2017,34,47,28
USC00231189,CALIFORNIA, MO US,17/02/2017,46,67,34
USC00231189,CALIFORNIA, MO US,18/02/2017,47,72,44
USC00231189,CALIFORNIA, MO US,19/02/2017,44,72,40
USC00231189,CALIFORNIA, MO US,20/02/2017,61,76,44
USC00231189,CALIFORNIA, MO US,21/02/2017,53,72,52
USC00231189,CALIFORNIA, MO US,22/02/2017,52,72,47
USC00231189,CALIFORNIA, MO US,23/02/2017,49,69,42
USC00231189,CALIFORNIA, MO US,24/02/2017,44,70,43
USC00231189,CALIFORNIA, MO US,25/02/2017,24,46,21
USC00231189,CALIFORNIA, MO US,26/02/2017,35,40,24
USC00231189,CALIFORNIA, MO US,27/02/2017,36,46,29
USC00231189,CALIFORNIA, MO US,28/02/2017,59,64,36
USC00231189,CALIFORNIA, MO US,01/03/2017,40,75,40
USC00231189,CALIFORNIA, MO US,02/03/2017,33,50,24
USC00231189,CALIFORNIA, MO US,03/03/2017,27,55,24
USC00231189,CALIFORNIA, MO US,04/03/2017,56,56,27
USC00231189,CALIFORNIA, MO US,05/03/2017,56,69,52
USC00231189,CALIFORNIA, MO US,06/03/2017,57,60,50
USC00231189,CALIFORNIA, MO US,07/03/2017,41,73,38
USC00231189,CALIFORNIA, MO US,08/03/2017,43,56,36
USC00231189,CALIFORNIA, MO US,09/03/2017,50,65,40
USC00231189,CALIFORNIA, MO US,10/03/2017,30,71,28
USC00231189,CALIFORNIA, MO US,11/03/2017,26,41,26
USC00231189,CALIFORNIA, MO US,12/03/2017,29,31,25
USC00231189,CALIFORNIA, MO US,13/03/2017,37,42,29
USC00231189,CALIFORNIA, MO US,14/03/2017,25,38,25
USC00231189,CALIFORNIA, MO US,15/03/2017,17,30,15
USC00231189,CALIFORNIA, MO US,16/03/2017,34,40,17
USC00231189,CALIFORNIA, MO US,17/03/2017,48,62,34
USC00231189,CALIFORNIA, MO US,18/03/2017,40,72,39
USC00231189,CALIFORNIA, MO US,19/03/2017,46,60,38
USC00231189,CALIFORNIA, MO US,20/03/2017,57,61,44
USC00231189,CALIFORNIA, MO US,21/03/2017,48,82,48
USC00231189,CALIFORNIA, MO US,22/03/2017,36,59,36
USC00231189,CALIFORNIA, MO US,23/03/2017,45,53,36
USC00231189,CALIFORNIA, MO US,24/03/2017,63,77,45
USC00231189,CALIFORNIA, MO US,25/03/2017,53,73,50
USC00231189,CALIFORNIA, MO US,26/03/2017,47,59,46
USC00231189,CALIFORNIA, MO US,27/03/2017,49,58,47
USC00231189,CALIFORNIA, MO US,28/03/2017,49,52,48
USC00231189,CALIFORNIA, MO US,29/03/2017,50,56,49
USC00231189,CALIFORNIA, MO US,30/03/2017,52,63,49
USC00231189,CALIFORNIA, MO US,31/03/2017,42,53,41
USC00231189,CALIFORNIA, MO US,01/04/2017,40,49,40
USC00231189,CALIFORNIA, MO US,02/04/2017,46,56,39
USC00231189,CALIFORNIA, MO US,03/04/2017,55,68,46
USC00231189,CALIFORNIA, MO US,04/04/2017,49,61,46
USC00231189,CALIFORNIA, MO US,05/04/2017,54,56,49
USC00231189,CALIFORNIA, MO US,06/04/2017,44,58,39
USC00231189,CALIFORNIA, MO US,07/04/2017,41,57,36
USC00231189,CALIFORNIA, MO US,08/04/2017,49,62,41
USC00231189,CALIFORNIA, MO US,09/04/2017,62,77,49
USC00231189,CALIFORNIA, MO US,10/04/2017,67,82,62
USC00231189,CALIFORNIA, MO US,11/04/2017,42,74,42
USC00231189,CALIFORNIA, MO US,12/04/2017,49,64,42
USC00231189,CALIFORNIA, MO US,13/04/2017,60,75,49
USC00231189,CALIFORNIA, MO US,14/04/2017,64,78,60
USC00231189,CALIFORNIA, MO US,15/04/2017,61,80,60
USC00231189,CALIFORNIA, MO US,16/04/2017,60,80,59
USC00231189,CALIFORNIA, MO US,17/04/2017,52,70,51
USC00231189,CALIFORNIA, MO US,18/04/2017,55,70,54
USC00231189,CALIFORNIA, MO US,19/04/2017,63,78,58.5
USC00231189,CALIFORNIA, MO US,20/04/2017,65,89,63
USC00231189,CALIFORNIA, MO US,21/04/2017,48,75,48
USC00231189,CALIFORNIA, MO US,22/04/2017,43,57,42
USC00231189,CALIFORNIA, MO US,23/04/2017,42,62,38
USC00231189,CALIFORNIA, MO US,24/04/2017,45,71,38
USC00231189,CALIFORNIA, MO US,25/04/2017,58,77,45
USC00231189,CALIFORNIA, MO US,26/04/2017,54,80,54
USC00231189,CALIFORNIA, MO US,27/04/2017,43,54,41
USC00231189,CALIFORNIA, MO US,28/04/2017,53,61,43
USC00231189,CALIFORNIA, MO US,29/04/2017,53,61,52
USC00231189,CALIFORNIA, MO US,30/04/2017,60,60,46
USC00231189,CALIFORNIA, MO US,01/05/2017,43,70,42
USC00231189,CALIFORNIA, MO US,02/05/2017,53,68,42
USC00231189,CALIFORNIA, MO US,03/05/2017,48,66,48
USC00231189,CALIFORNIA, MO US,04/05/2017,44,48,42
USC00231189,CALIFORNIA, MO US,05/05/2017,50,63,43
USC00231189,CALIFORNIA, MO US,06/05/2017,66,70,50
USC00231189,CALIFORNIA, MO US,07/05/2017,63,73,45
USC00231189,CALIFORNIA, MO US,08/05/2017,62,77,55
USC00231189,CALIFORNIA, MO US,09/05/2017,67,83,56
USC00231189,CALIFORNIA, MO US,10/05/2017,68,83,61
USC00231189,CALIFORNIA, MO US,11/05/2017,65,81,63
USC00231189,CALIFORNIA, MO US,12/05/2017,59,67,55
USC00231189,CALIFORNIA, MO US,13/05/2017,53,74,50
USC00231189,CALIFORNIA, MO US,14/05/2017,57,77,53
USC00231189,CALIFORNIA, MO US,15/05/2017,63,79,57
USC00231189,CALIFORNIA, MO US,16/05/2017,68,84,62
USC00231189,CALIFORNIA, MO US,17/05/2017,71,83,68
USC00231189,CALIFORNIA, MO US,18/05/2017,67,81,64
USC00231189,CALIFORNIA, MO US,19/05/2017,60,86,59
USC00231189,CALIFORNIA, MO US,20/05/2017,67,74,58
USC00231189,CALIFORNIA, MO US,21/05/2017,52,73,47
USC00231189,CALIFORNIA, MO US,22/05/2017,56,67,51
USC00231189,CALIFORNIA, MO US,23/05/2017,56,72,55
USC00231189,CALIFORNIA, MO US,24/05/2017,51,67,48
USC00231189,CALIFORNIA, MO US,25/05/2017,57,66,47
USC00231189,CALIFORNIA, MO US,26/05/2017,66,74,57
USC00231189,CALIFORNIA, MO US,27/05/2017,74,80,64
USC00231189,CALIFORNIA, MO US,28/05/2017,66,80,62
USC00231189,CALIFORNIA, MO US,29/05/2017,75,78,53
USC00231189,CALIFORNIA, MO US,30/05/2017,63,81,52
USC00231189,CALIFORNIA, MO US,31/05/2017,63,78,56
USC00231189,CALIFORNIA, MO US,01/06/2017,65,79,57
USC00231189,CALIFORNIA, MO US,02/06/2017,68,79,62
USC00231189,CALIFORNIA, MO US,03/06/2017,64,86,64
USC00231189,CALIFORNIA, MO US,04/06/2017,68,85,64
USC00231189,CALIFORNIA, MO US,05/06/2017,71,84,64
USC00231189,CALIFORNIA, MO US,06/06/2017,67,90,63
USC00231189,CALIFORNIA, MO US,07/06/2017,64,80,55
USC00231189,CALIFORNIA, MO US,08/06/2017,64,80,56
USC00231189,CALIFORNIA, MO US,09/06/2017,66,81,55
USC00231189,CALIFORNIA, MO US,10/06/2017,73,82,61
USC00231189,CALIFORNIA, MO US,11/06/2017,75,85,66
USC00231189,CALIFORNIA, MO US,12/06/2017,73,87,66
USC00231189,CALIFORNIA, MO US,13/06/2017,77,91,71
USC00231189,CALIFORNIA, MO US,14/06/2017,78,90,73
USC00231189,CALIFORNIA, MO US,15/06/2017,67,91,63
USC00231189,CALIFORNIA, MO US,16/06/2017,73,90,67
USC00231189,CALIFORNIA, MO US,17/06/2017,70,89,65
USC00231189,CALIFORNIA, MO US,18/06/2017,68,86,65
USC00231189,CALIFORNIA, MO US,19/06/2017,69,80,60
USC00231189,CALIFORNIA, MO US,20/06/2017,70,84,61
USC00231189,CALIFORNIA, MO US,21/06/2017,75,89,69
USC00231189,CALIFORNIA, MO US,22/06/2017,73,90,68
USC00231189,CALIFORNIA, MO US,23/06/2017,70,86,70
USC00231189,CALIFORNIA, MO US,24/06/2017,67,82,59
USC00231189,CALIFORNIA, MO US,25/06/2017,70,77,58
USC00231189,CALIFORNIA, MO US,26/06/2017,65,79,50
USC00231189,CALIFORNIA, MO US,27/06/2017,63,75,53
USC00231189,CALIFORNIA, MO US,28/06/2017,69,81,63
USC00231189,CALIFORNIA, MO US,29/06/2017,72,87,69
USC00231189,CALIFORNIA, MO US,30/06/2017,65,82,64
USC00231189,CALIFORNIA, MO US,01/07/2017,69,83,65
USC00231189,CALIFORNIA, MO US,02/07/2017,78,83,63
USC00231189,CALIFORNIA, MO US,03/07/2017,74,86,69
USC00231189,CALIFORNIA, MO US,04/07/2017,72,90,68
USC00231189,CALIFORNIA, MO US,05/07/2017,70,80,69
USC00231189,CALIFORNIA, MO US,06/07/2017,68,81,67
USC00231189,CALIFORNIA, MO US,07/07/2017,78,87,68
USC00231189,CALIFORNIA, MO US,09/07/2017,71,89,65
USC00231189,CALIFORNIA, MO US,10/07/2017,77,89,71
USC00231189,CALIFORNIA, MO US,11/07/2017,78,90,74
USC00231189,CALIFORNIA, MO US,12/07/2017,79,93,72
USC00231189,CALIFORNIA, MO US,13/07/2017,74,94,74
USC00231189,CALIFORNIA, MO US,14/07/2017,74,91,70
USC00231189,CALIFORNIA, MO US,15/07/2017,75,87,69
USC00231189,CALIFORNIA, MO US,16/07/2017,82,88,68
USC00231189,CALIFORNIA, MO US,17/07/2017,78,89,71
USC00231189,CALIFORNIA, MO US,18/07/2017,76,92,72
USC00231189,CALIFORNIA, MO US,19/07/2017,77,92,72
USC00231189,CALIFORNIA, MO US,20/07/2017,79,93,72
USC00231189,CALIFORNIA, MO US,21/07/2017,80,96,73
USC00231189,CALIFORNIA, MO US,22/07/2017,88,97,78
USC00231189,CALIFORNIA, MO US,23/07/2017,80,100,69
USC00231189,CALIFORNIA, MO US,24/07/2017,71,89,69
USC00231189,CALIFORNIA, MO US,25/07/2017,72,87,67
USC00231189,CALIFORNIA, MO US,26/07/2017,78,92,71
USC00231189,CALIFORNIA, MO US,27/07/2017,74,92,71
USC00231189,CALIFORNIA, MO US,28/07/2017,73,82,71
USC00231189,CALIFORNIA, MO US,29/07/2017,67,85,63
USC00231189,CALIFORNIA, MO US,30/07/2017,59,82,58
USC00231189,CALIFORNIA, MO US,31/07/2017,69,81,59
USC00231189,CALIFORNIA, MO US,01/08/2017,69,80,67
USC00231189,CALIFORNIA, MO US,02/08/2017,72,83,65
USC00231189,CALIFORNIA, MO US,03/08/2017,70,87,67
USC00231189,CALIFORNIA, MO US,04/08/2017,59,87,56
USC00231189,CALIFORNIA, MO US,05/08/2017,56,76,56
USC00231189,CALIFORNIA, MO US,06/08/2017,69,70,56
USC00231189,CALIFORNIA, MO US,07/08/2017,68,78,64
USC00231189,CALIFORNIA, MO US,08/08/2017,66,80,60
USC00231189,CALIFORNIA, MO US,09/08/2017,67,81,62
USC00231189,CALIFORNIA, MO US,10/08/2017,71,85,67
USC00231189,CALIFORNIA, MO US,11/08/2017,69,85,68
USC00231189,CALIFORNIA, MO US,12/08/2017,69,82,60
USC00231189,CALIFORNIA, MO US,13/08/2017,69,80.5,63
USC00231189,CALIFORNIA, MO US,14/08/2017,69,79,67
USC00231189,CALIFORNIA, MO US,15/08/2017,69,81,65
USC00231189,CALIFORNIA, MO US,16/08/2017,72,87,69
USC00231189,CALIFORNIA, MO US,17/08/2017,69,82,66
USC00231189,CALIFORNIA, MO US,18/08/2017,69,82,62
USC00231189,CALIFORNIA, MO US,19/08/2017,73,84,67
USC00231189,CALIFORNIA, MO US,20/08/2017,72,89,69
USC00231189,CALIFORNIA, MO US,21/08/2017,73,88,70
USC00231189,CALIFORNIA, MO US,22/08/2017,69,89,68
USC00231189,CALIFORNIA, MO US,23/08/2017,61,80,55
USC00231189,CALIFORNIA, MO US,24/08/2017,64,78,56
USC00231189,CALIFORNIA, MO US,25/08/2017,65,79,61
USC00231189,CALIFORNIA, MO US,26/08/2017,70,79,59
USC00231189,CALIFORNIA, MO US,27/08/2017,71,82,61
USC00231189,CALIFORNIA, MO US,28/08/2017,62,81,60
USC00231189,CALIFORNIA, MO US,29/08/2017,61,80,60
USC00231189,CALIFORNIA, MO US,30/08/2017,64,79,60
USC00231189,CALIFORNIA, MO US,31/08/2017,66,82,60
USC00231189,CALIFORNIA, MO US,01/09/2017,57,80,56
USC00231189,CALIFORNIA, MO US,02/09/2017,52,76,52
USC00231189,CALIFORNIA, MO US,03/09/2017,52,81,52
USC00231189,CALIFORNIA, MO US,04/09/2017,68,87,52
USC00231189,CALIFORNIA, MO US,05/09/2017,60,90,58
USC00231189,CALIFORNIA, MO US,06/09/2017,52,75,49
USC00231189,CALIFORNIA, MO US,07/09/2017,55,71,47
USC00231189,CALIFORNIA, MO US,08/09/2017,59,75,53
USC00231189,CALIFORNIA, MO US,09/09/2017,69,83,59
USC00231189,CALIFORNIA, MO US,10/09/2017,59,83,59
USC00231189,CALIFORNIA, MO US,11/09/2017,58,82,51
USC00231189,CALIFORNIA, MO US,12/09/2017,57,80,55
USC00231189,CALIFORNIA, MO US,13/09/2017,56,73,53
USC00231189,CALIFORNIA, MO US,14/09/2017,60,82,53
USC00231189,CALIFORNIA, MO US,15/09/2017,64,85,60
USC00231189,CALIFORNIA, MO US,16/09/2017,70,87,64
USC00231189,CALIFORNIA, MO US,17/09/2017,67,87,66
USC00231189,CALIFORNIA, MO US,18/09/2017,65,76,63
USC00231189,CALIFORNIA, MO US,19/09/2017,64,80,62
USC00231189,CALIFORNIA, MO US,20/09/2017,72,87,64
USC00231189,CALIFORNIA, MO US,21/09/2017,74,91,72
USC00231189,CALIFORNIA, MO US,22/09/2017,72,91,70
USC00231189,CALIFORNIA, MO US,23/09/2017,69,90,68
USC00231189,CALIFORNIA, MO US,24/09/2017,70,90,66
USC00231189,CALIFORNIA, MO US,25/09/2017,67,89,65
USC00231189,CALIFORNIA, MO US,26/09/2017,62,88,61
USC00231189,CALIFORNIA, MO US,27/09/2017,62,88,61
USC00231189,CALIFORNIA, MO US,28/09/2017,52,68,50
USC00231189,CALIFORNIA, MO US,29/09/2017,55,76,50
USC00231189,CALIFORNIA, MO US,30/09/2017,65,76,54
USC00231189,CALIFORNIA, MO US,01/10/2017,67,78,59.5
USC00231189,CALIFORNIA, MO US,02/10/2017,67,80,65
USC00231189,CALIFORNIA, MO US,03/10/2017,72,87,67
USC00231189,CALIFORNIA, MO US,04/10/2017,70,81,69
USC00231189,CALIFORNIA, MO US,05/10/2017,68,74,66
USC00231189,CALIFORNIA, MO US,06/10/2017,68,74,67
USC00231189,CALIFORNIA, MO US,08/10/2017,57,79,57
USC00231189,CALIFORNIA, MO US,09/10/2017,57,79,57
USC00231189,CALIFORNIA, MO US,10/10/2017,56,84,56
USC00231189,CALIFORNIA, MO US,11/10/2017,47,56,46
USC00231189,CALIFORNIA, MO US,12/10/2017,51,54,47
USC00231189,CALIFORNIA, MO US,13/10/2017,59,67,51
USC00231189,CALIFORNIA, MO US,15/10/2017,52,86,50
USC00231189,CALIFORNIA, MO US,16/10/2017,43,61,39
USC00231189,CALIFORNIA, MO US,17/10/2017,45,68,43
USC00231189,CALIFORNIA, MO US,18/10/2017,47,71,45
USC00231189,CALIFORNIA, MO US,19/10/2017,54,74,47
USC00231189,CALIFORNIA, MO US,20/10/2017,52,79,51
USC00231189,CALIFORNIA, MO US,22/10/2017,51,79,50
USC00231189,CALIFORNIA, MO US,23/10/2017,48,67,46
USC00231189,CALIFORNIA, MO US,24/10/2017,47,67,45
USC00231189,CALIFORNIA, MO US,25/10/2017,40,54,35
USC00231189,CALIFORNIA, MO US,26/10/2017,38,56,38
USC00231189,CALIFORNIA, MO US,27/10/2017,36,57,38
USC00231189,CALIFORNIA, MO US,30/10/2017,34,58,30
USC00231189,CALIFORNIA, MO US,31/10/2017,24,51,24
USC00231189,CALIFORNIA, MO US,01/11/2017,36,40,24
USC00231189,CALIFORNIA, MO US,03/11/2017,54,54,36
USC00231189,CALIFORNIA, MO US,06/11/2017,34,59,32
USC00231189,CALIFORNIA, MO US,07/11/2017,38,45,34
USC00231189,CALIFORNIA, MO US,08/11/2017,32,50,27
USC00231189,CALIFORNIA, MO US,09/11/2017,38,52,26
